id_temp,scheda,materia,tecnica
1,,25,modellatura a tornio
2,,76,a intaglio
3,,76,a intaglio
4,,76,a intaglio
5,,76,a intaglio
6,,76,a intaglio
7,,76,a intaglio
8,,76,a intaglio
9,,76,a intaglio
10,,76,a intaglio
11,,76,a intaglio
12,,76,a intaglio
13,,76,a intaglio
14,,76,a intaglio
15,,76,a intaglio
16,,76,a intaglio
17,,76,a intaglio
18,,76,a intaglio
19,,76,a intaglio
20,,76,a intaglio
21,,6,a intaglio
22,,6,a intaglio
23,,6,a intaglio
24,,6,a intaglio
25,,6,a intaglio
26,,272,soffiatura libera
27,,6,a intaglio
28,,6,a intaglio
29,,6,a intaglio
30,,6,a intaglio
31,,6,a intaglio
32,,6,a intaglio
33,,6,a intaglio
34,,6,a intaglio
35,,6,a intaglio
36,,6,a intaglio
37,,6,a intaglio
38,,26,a intaglio
39,,6,a intaglio
40,,6,a intaglio
41,,6,a intaglio
42,,272,soffiatura libera
43,,6,a intaglio
44,,6,a intaglio
45,,6,a intaglio
46,,25,modellatura a tornio
47,,76,a intaglio
48,,76,a intaglio
49,,76,a intaglio
50,,76,a intaglio
51,,76,a intaglio
52,,76,a intaglio
53,,6,a intaglio
54,,6,a intaglio
55,,6,a intaglio
56,,6,a intaglio
57,,6,a intaglio
58,,186,a intaglio
59,,71,"fusione, battitura a caldo"
60,,71,"fusione, battitura a caldo"
61,,71,"fusione, battitura a caldo"
62,,71,fusione
63,,186,a intaglio
64,,186,a intaglio
65,,26,a intaglio
66,,22,a sbalzo
67,,71,"fusione, battitura a caldo"
68,,71,"fusione, battitura a caldo"
69,,34,"fusione, battitura"
70,,71,"fusione, battitura a caldo"
71,,25,modellatura a tornio
72,,186,a intaglio
73,,186,a intaglio
74,,34,fusione
75,,34,"fusione, battitura"
76,,208,fusione
77,,34,fusione
78,,34,"fusione, battitura"
79,,25,modellatura a tornio
80,,25,modellatura a tornio
81,,25,modellatura a tornio
82,,25,modellatura a tornio
83,,25,modellatura a tornio
84,,25,modellatura a tornio
85,,25,modellatura a tornio
86,,25,modellatura a tornio
87,,25,modellatura a tornio
88,,25,modellatura a tornio
89,,25,modellatura a tornio
90,,34,"fusione, battitura"
91,,25,modellatura a tornio
92,,25,modellatura a tornio
93,,25,modellatura a tornio
94,,25,modellatura a tornio
95,,22,fusione
96,,71,fusione
97,,71,"fusione, battitura a caldo"
97,,196,a intaglio
98,,71,"fisione, battitura a caldo"
98,,184,fusione
99,,196,a intaglio
99,,184,fusione
100,,34,fusione
101,,34,fusione
102,,25,modellatura a tornio
103,,25,modellatura a tornio
104,,25,modellatura a tornio
105,,25,modellatura a tornio
106,,25,modellatura a tornio
107,,25,modellatura a tornio
108,,25,modellatura a tornio
109,,25,modellatura a tornio
110,,25,modellatura a tornio
111,,25,modellatura a tornio
112,,25,modellatura a tornio
113,,25,modellatura a tornio
114,,25,modellatura a tornio
115,,25,modellatura a tornio
116,,22,a sbalzo
117,,25,modellatura a tornio
118,,25,modellatura a tornio
119,,25,modellatura a tornio
120,,272,soffiatura libera
121,,272,soffiatura libera
122,,272,soffiatura libera
123,,186,a intaglio
124,,71,fusione
124,,272,a intaglio
125,,272,soffiatura libera
126,,186,a intaglio
127,,186,a intaglio
128,,34,fusione
129,,34,fusione
130,,34,fusione
131,,34,fusione
132,,34,fusione
133,,34,fusione
134,,34,fusione
135,,34,"fusione, a intreccio"
136,,186,a intaglio
137,,34,"fusione, a intreccio"
138,,186,a intaglio
139,,186,a intaglio
140,,272,soffiatura libera
141,,34,"fusione, a intreccio"
142,,34,fusione
143,,71,fusione
144,,208,fusione
145,,71,fusione
146,,71,fusione
147,,34,fusione
147,,71,"fusione, battitura a caldo"
148,,34,fusione
149,,34,fusione
150,,34,fusione
151,,34,fusione
152,,34,fusione
152,,71,"fusione, battitura a caldo"
153,,34,fusione
153,,71,"fusione, battitura a caldo"
154,,34,fusione
155,,34,fusione
156,,34,fusione
157,,34,fusione
158,,186,a intaglio
159,,26,a intaglio
160,,26,a intaglio
161,,34,fusione
162,,34,fusione
163,,34,fusione
164,,34,fusione
165,,34,fusione
166,,186,a intaglio
167,,186,a intaglio
168,,25,a matrice
169,,25,a matrice
170,,25,a matrice
171,,25,a matrice
172,,25,a matrice
173,,272,colatura libera
174,,272,colatura libera
175,,26,a intaglio
176,,186,a intaglio
177,,186,a intaglio
178,,186,a intaglio
179,,34,fusione
180,,186,a intaglio
181,,186,a intaglio
182,,186,a intaglio
183,,71,fusione
184,,196,a intaglio
184,,184,fusione
185,,25,"modellatura a tornio, a matrice"
186,,25,"modellatura a tornio, a mano"
187,,25,a matrice
188,,25,a matrice
189,,25,modellatura a tornio
190,,25,"modellatura a tornio, invetriatura"
191,,25,"modellatura a tornio, invetriatura"
192,,25,modellatura a tornio
193,,25,modellatura a tornio
194,,25,modellatura a tornio
195,,25,modellatura a tornio
196,,25,a matrice
197,,34,"fusione, battitura"
198,,34,"fusione, battitura"
199,,34,"fusione, argentatura"
200,,25,modellatura a tornio
201,,22,fusione
201,,272,colatura libera
202,,196,a intaglio
202,,184,fusione
203,,25,a matrice
204,,26,a intaglio
205,,26,a intaglio
206,,26,a intaglio
207,,26,a intaglio
208,,26,a intaglio
209,,186,a intaglio
210,,26,a intaglio
211,,25,modellatura a tornio
212,,25,a matrice
213,,25,a matrice
214,,25,a matrice
215,,25,a matrice
216,,25,a matrice
217,,25,a matrice
218,,196,Tecnica non presente in lista
218,,184,fusione
219,,25,modellatura a tornio
220,,25,modellatura a tornio
221,,34,fusione
222,,272,a stampo
223,,272,a stampo
224,,186,Tecnica non presente in lista
225,,186,Tecnica non presente in lista
226,,186,Tecnica non presente in lista
227,,186,Tecnica non presente in lista
228,,186,Tecnica non presente in lista
229,,186,Tecnica non presente in lista
230,,186,Tecnica non presente in lista
231,,186,Tecnica non presente in lista
232,,186,Tecnica non presente in lista
233,,186,Tecnica non presente in lista
234,,186,Tecnica non presente in lista
235,,186,Tecnica non presente in lista
236,,186,Tecnica non presente in lista
237,,184,fusione
238,,26,a intaglio
239,,186,Tecnica non presente in lista
240,,186,Tecnica non presente in lista
241,,186,Tecnica non presente in lista
242,,186,Tecnica non presente in lista
243,,186,Tecnica non presente in lista
244,,186,Tecnica non presente in lista
245,,186,Tecnica non presente in lista
246,,186,Tecnica non presente in lista
247,,186,Tecnica non presente in lista
248,,186,Tecnica non presente in lista
249,,186,Tecnica non presente in lista
250,,186,Tecnica non presente in lista
251,,186,Tecnica non presente in lista
252,,186,Tecnica non presente in lista
253,,186,Tecnica non presente in lista
254,,26,a intaglio
255,,26,a intaglio
256,,26,a intaglio
257,,26,a intaglio
258,,272,a stampo
259,,272,a stampo
260,,272,a stampo
261,,272,a stampo
262,,272,a stampo
263,,272,a stampo
264,,272,a stampo
265,,272,a stampo
266,,186,Tecnica non presente in lista
267,,186,Tecnica non presente in lista
268,,186,Tecnica non presente in lista
269,,186,Tecnica non presente in lista
270,,186,Tecnica non presente in lista
271,,186,Tecnica non presente in lista
272,,186,Tecnica non presente in lista
273,,186,Tecnica non presente in lista
274,,186,a intaglio
275,,186,Tecnica non presente in lista
276,,186,Tecnica non presente in lista
277,,186,Tecnica non presente in lista
278,,25,a matrice
279,,25,a mano
280,,26,a intaglio
281,,186,a intaglio
282,,186,a intaglio
283,,186,a intaglio
284,,186,a intaglio
285,,186,a intaglio
286,,186,a intaglio
287,,186,a intaglio
288,,186,a intaglio
289,,186,a intaglio
290,,186,a intaglio
291,,186,a intaglio
292,,186,a intaglio
293,,186,a intaglio
294,,186,a intaglio
295,,186,a intaglio
296,,186,a intaglio
297,,186,a intaglio
298,,186,a intaglio
299,,186,a intaglio
300,,26,a intaglio
301,,26,a intaglio
302,,26,a intaglio
303,,26,a intaglio
304,,25,a mano
305,,53,Tecnica non presente in lista
306,,53,Tecnica non presente in lista
307,,53,Tecnica non presente in lista
308,,53,Tecnica non presente in lista
309,,53,Tecnica non presente in lista
310,,53,Tecnica non presente in lista
311,,53,Tecnica non presente in lista
312,,53,Tecnica non presente in lista
313,,53,Tecnica non presente in lista
314,,53,Tecnica non presente in lista
315,,53,Tecnica non presente in lista
316,,53,Tecnica non presente in lista
317,,26,a intaglio
318,,186,a intaglio
319,,186,a intaglio
320,,34,fusione
321,,34,"fusione, argentatura"
322,,34,fusione
323,,34,"fusione, argentatura"
324,,34,fusione
325,,34,fusione
326,,34,fusione
327,,25,a matrice
328,,22,fusione
328,,186,a intaglio
329,,25,a matrice
330,,25,a matrice
331,,25,a matrice
332,,25,a matrice
333,,53,Tecnica non presente in lista
334,,184,fusione
335,,25,a matrice
336,,25,a matrice
337,,25,a matrice
338,,25,a matrice
339,,25,a matrice
340,,25,a matrice
341,,25,a matrice
342,,25,a matrice
343,,25,a matrice
344,,25,a matrice
345,,25,a matrice
346,,25,a mano
347,,25,a matrice
348,,25,a matrice
349,,25,a matrice
350,,25,a matrice
351,,25,a matrice
352,,26,a intaglio
353,,186,a intaglio
354,,25,a mano
355,,25,modellatura a tornio
356,,71,"fusione, battitura a caldo"
357,,34,fusione
358,,25,a matrice
359,,25,modellatura a tornio
360,,25,modellatura a tornio
361,,25,modellatura a tornio
362,,25,modellatura a tornio
363,,25,modellatura a tornio
364,,25,modellatura a tornio
365,,25,modellatura a tornio
366,,25,modellatura a tornio
367,,34,fusione
368,,34,fusione
369,,34,fusione
370,,25,modellatura a tornio
371,,25,"modellatura a tornio, a matrice"
372,,53,Tecnica non presente in lista
373,,26,a intaglio
374,,186,a intaglio
375,,186,a intaglio
376,,25,"modellatura a tornio, a matrice"
377,,25,"modellatura a tornio, a stampo"
378,,25,modellatura a tornio
379,,25,modellatura a tornio
380,,25,modellatura a tornio
381,,25,modellatura a tornio
382,,34,fusione
383,,272,soffiatura libera
384,,71,"fusione, battitura a caldo"
385,,34,fusione
385,,71,battitura a caldo
386,,25,a matrice
387,,26,a intaglio
388,,71,"fusione, battitura a caldo"
389,,71,"fusione, battitura a caldo"
390,,184,fusione
391,,184,fusione
391,,272,a intaglio
392,,196,a intaglio
392,,184,fusione
393,,184,fusione
394,,184,filatura
395,,272,soffiatura libera
396,,25,modellatura a tornio
397,,25,modellatura a tornio
398,,25,modellatura a tornio
399,,272,soffiatura libera
400,,25,modellatura a tornio
401,,25,modellatura a tornio
402,,272,soffiatura libera
403,,25,modellatura a tornio
404,,25,modellatura a tornio
405,,25,modellatura a tornio
406,,272,soffiatura libera
407,,272,soffiatura libera
408,,272,soffiatura libera
409,,272,soffiatura libera
410,,272,soffiatura libera
411,,272,soffiatura libera
412,,272,soffiatura libera
413,,272,soffiatura libera
414,,272,soffiatura libera
415,,272,soffiatura libera
416,,272,soffiatura libera
417,,272,soffiatura libera
418,,272,soffiatura libera
419,,272,soffiatura libera
420,,22,fusione
420,,26,a intaglio
421,,272,soffiatura libera
422,,26,a intaglio
423,,26,a intaglio
424,,272,soffiatura libera
425,,272,soffiatura libera
426,,34,fusione
427,,272,soffiatura libera
428,,272,soffiatura libera
429,,272,soffiatura libera
430,,272,soffiatura libera
431,,184,fusione
432,,34,fusione
433,,34,fusione
433,,71,fusione
434,,34,fusione
434,,71,fusione
435,,34,fusione
435,,71,fusione
436,,34,fusione
436,,71,fusione
437,,22,fusione
438,,184,fusione
439,,196,a intaglio
439,,184,fusione
440,,184,fusione
441,,208,fusione
442,,208,fusione
443,,184,fusione
444,,196,a intaglio
444,,184,fusione
445,,22,"a sbalzo, doratura a foglia"
446,,22,"battitura, doratura a foglia"
447,,184,"trafilatura, ritaglio, a sbalzo per impression, a intreccio"
447,,272,colatura libera
448,,196,Tecnica non presente in lista
448,,184,"trafilatura, ritaglio, a sbalzo per impression, a intreccio"
448,,272,colatura libera
449,,184,"trafilatura, ritaglio, a sbalzo per impression, a intreccio"
449,,272,colatura libera
450,,272,soffiatura libera
451,,272,soffiatura libera
452,,25,modellatura a tornio
453,,25,modellatura a tornio
454,,25,modellatura a tornio
455,,25,modellatura a tornio
456,,22,fusione
456,,272,soffiatura libera
457,,25,modellatura a tornio
458,,184,"trafilatura, ritaglio, a sbalzo per impression, a intreccio"
459,,184,"trafilatura, ritaglio, a sbalzo per impression, a intreccio"
459,,272,colatura libera
460,,184,"a sbalzo per impressione, ritaglio"
461,,25,"a mano, doratura a foglia"
462,,184,"a sbalzo per impressione, ritaglio"
463,,34,fusione
464,,22,fusione
465,,34,"fusione, argentatura"
466,,34,"fusione, argentatura"
467,,34,"fusione, argentatura"
468,,25,modellatura a tornio
469,,25,modellatura a tornio
470,,26,a intaglio
471,,22,fusione
472,,26,a intaglio
473,,26,a intaglio
474,,25,modellatura a tornio
475,,25,modellatura a tornio
476,,25,modellatura a tornio
477,,25,modellatura a tornio
478,,25,modellatura a tornio
479,,25,modellatura a tornio
480,,25,modellatura a tornio
481,,272,soffiatura libera
482,,272,soffiatura libera
483,,272,soffiatura libera
484,,272,soffiatura libera
485,,272,soffiatura libera
486,,272,soffiatura libera
487,,272,soffiatura libera
488,,25,modellatura a tornio
489,,25,modellatura a tornio
490,,272,soffiatura libera
491,,272,soffiatura libera
492,,25,modellatura a tornio
493,,25,modellatura a tornio
494,,272,soffiatura libera
495,,25,modellatura a tornio
496,,25,modellatura a tornio
497,,25,modellatura a tornio
498,,25,modellatura a tornio
499,,25,modellatura a tornio
500,,25,modellatura a tornio
501,,25,modellatura a tornio
502,,25,modellatura a tornio
503,,25,modellatura a tornio
504,,25,modellatura a tornio
505,,26,a intaglio
506,,25,modellatura a tornio
507,,272,soffiatura a stampo
508,,272,soffiatura a stampo
509,,34,fusione
510,,22,fusione
511,,71,fusione
512,,71,fusione
513,,71,fusione
514,,34,fusione
515,,71,fusione
516,,71,"fusione, battitura a caldo"
517,,71,"fusione, battitura a caldo"
518,,71,"fusione, battitura a caldo"
519,,71,"fusione, battitura a caldo"
520,,272,soffiatura libera
521,,272,soffiatura libera
522,,272,soffiatura libera
523,,272,soffiatura libera
524,,272,soffiatura a stampo
525,,25,"a mano, doratura a foglia"
525,,34,"fusione, doratura a foglia"
526,,34,"fusione, doratura a foglia"
526,,184,"a sbalzo per impressione, ritaglio"
527,,184,"a sbalzo per impressione, ritaglio"
528,,272,soffiatura a stampo
529,,272,soffiatura libera
530,,186,a intaglio
531,,272,a stampo
532,,272,a stampo
533,,272,a stampo
534,,25,a matrice
535,,272,a stampo
536,,272,a stampo
537,,272,a stampo
538,,34,fusione
538,,71,fusione
539,,272,soffiatura libera
540,,186,a intaglio
541,,34,fusione
542,,34,fusione
543,,34,fusione
544,,34,fusione
545,,186,"a intaglio, doratura a foglia"
545,,272,colatura libera
546,,186,a intaglio
547,,186,a intaglio
548,,25,a matrice
549,,25,a matrice
550,,272,soffiatura libera
551,,272,soffiatura libera
552,,25,modellatura a tornio
553,,272,soffiatura libera
554,,34,fusione
555,,22,a sbalzo
555,,225,battitura a caldo
556,,22,a sbalzo
557,,184,"ritaglio, a sbalzo per impressione"
558,,184,"ritaglio, a sbalzo per impressione"
559,,184,"ritaglio, a sbalzo per impressione"
560,,186,a intaglio
561,,272,a stampo
562,,22,fusione
563,,34,fusione
563,,186,a intaglio
564,,34,fusione
565,,34,fusione
565,,186,a intaglio
566,,34,"fusione, argentatura"
567,,34,fusione
568,,272,soffiatura libera
569,,34,fusione
569,,186,a intaglio
570,,34,fusione
570,,186,a intaglio
571,,186,a intaglio
572,,186,a intaglio
573,,53,Tecnica non presente in lista
574,,34,"fusione, argentatura"
575,,34,fusione
576,,186,a intaglio
577,,34,fusione
578,,22,fusione
579,,34,fusione
580,,272,soffiatura libera
581,,272,soffiatura libera
582,,272,soffiatura libera
583,,71,"fusione, battitura a caldo"
584,,71,"fusione, battitura a caldo"
585,,22,fusione
586,,272,soffiatura libera
587,,272,soffiatura libera
588,,186,a intaglio
589,,71,"fusione, battitura a caldo"
590,,186,a intaglio
591,,25,a matrice
592,,71,"fusione, battitura a caldo"
593,,186,a intaglio
594,,34,fusione
595,,34,fusione
596,,34,fusione
597,,186,a intaglio
598,,25,modellatura a tornio
599,,25,modellatura a tornio
600,,25,a matrice
601,,208,fusione
602,,25,a matrice
603,,25,a matrice
604,,25,modellatura a tornio
605,,272,soffiatura libera
606,,272,soffiatura libera
607,,272,soffiatura libera
608,,272,soffiatura libera
609,,25,modellatura a tornio
610,,272,soffiatura libera
611,,272,soffiatura libera
612,,272,soffiatura libera
613,,25,modellatura a tornio
614,,272,soffiatura libera
615,,272,soffiatura libera
616,,272,soffiatura libera
617,,272,soffiatura libera
618,,272,soffiatura libera
619,,272,soffiatura libera
620,,272,soffiatura libera
621,,272,soffiatura libera
622,,272,soffiatura libera
623,,272,soffiatura libera
624,,272,soffiatura libera
625,,272,soffiatura libera
626,,25,modellatura a tornio
627,,25,modellatura a tornio
628,,25,modellatura a tornio
629,,272,soffiatura libera
630,,25,a matrice
631,,25,a matrice
632,,25,a matrice
633,,25,a matrice
634,,25,a matrice
635,,25,a matrice
636,,25,a matrice
637,,25,a matrice
638,,22,fusione
639,,25,modellatura a tornio
640,,25,modellatura a tornio
641,,25,modellatura a tornio
642,,25,modellatura a tornio
643,,25,modellatura a tornio
644,,25,modellatura a tornio
645,,272,soffiatura libera
646,,272,soffiatura libera
647,,25,a matrice
648,,272,soffiatura libera
649,,186,a intaglio
650,,186,a intaglio
651,,186,a intaglio
652,,186,a intaglio
653,,186,a intaglio
654,,186,a intaglio
655,,34,fusione
656,,53,Tecnica non presente in lista
657,,53,Tecnica non presente in lista
658,,53,Tecnica non presente in lista
659,,53,Tecnica non presente in lista
660,,53,Tecnica non presente in lista
661,,53,Tecnica non presente in lista
662,,53,Tecnica non presente in lista
663,,53,Tecnica non presente in lista
664,,184,"a sbalzo per impressione, ritaglio"
665,,272,a stampo
666,,25,a matrice
667,,25,a matrice
668,,25,a matrice
669,,25,a matrice
670,,25,a matrice
671,,25,a matrice
672,,25,a matrice
673,,272,soffiatura libera
674,,25,a matrice
675,,186,a intaglio
676,,53,Tecnica non presente in lista
677,,53,Tecnica non presente in lista
678,,53,Tecnica non presente in lista
679,,53,Tecnica non presente in lista
680,,53,Tecnica non presente in lista
681,,53,Tecnica non presente in lista
682,,53,Tecnica non presente in lista
683,,71,"fusione, battitura a caldo"
684,,71,"fusione, battitura a caldo"
685,,25,"a matrice, invetriatura"
686,,25,modellatura a tornio
687,,25,modellatura a tornio
688,,25,modellatura a tornio
689,,25,modellatura a tornio
690,,25,modellatura a tornio
691,,71,"fusione, battitura a caldo"
692,,25,modellatura a tornio
693,,34,fusione
694,,71,"fusione, battitura a caldo"
695,,25,modellatura a tornio
696,,25,modellatura a tornio
697,,25,modellatura a tornio
698,,25,modellatura a tornio
699,,25,modellatura a tornio
700,,25,modellatura a tornio
701,,25,modellatura a tornio
702,,71,"fusione, battitura a caldo"
703,,71,"fusione, battitura a caldo"
704,,25,modellatura a tornio
705,,25,modellatura a tornio
706,,25,modellatura a tornio
707,,25,modellatura a tornio
708,,25,modellatura a tornio
709,,25,modellatura a tornio
710,,25,modellatura a tornio
711,,25,modellatura a tornio
712,,25,modellatura a tornio
713,,25,modellatura a tornio
714,,272,soffiatura a stampo
715,,25,modellatura a tornio
716,,25,modellatura a tornio
717,,71,"fusione, battitura a caldo"
718,,34,fusione
719,,34,fusione
720,,272,soffiatura libera
721,,272,soffiatura libera
722,,71,"fusione, battitura a caldo"
723,,71,"fusione, battitura a caldo"
724,,34,fusione
725,,34,fusione
726,,34,"fusione, incisione"
727,,272,soffiatura libera
728,,25,a matrice
729,,25,a matrice
730,,25,a matrice
731,,25,a matrice
732,,25,a matrice
733,,25,a matrice
734,,272,soffiatura libera
735,,25,modellatura a tornio
736,,25,modellatura a tornio
737,,25,modellatura a tornio
738,,272,soffiatura libera
739,,272,soffiatura libera
740,,272,soffiatura libera
741,,272,soffiatura libera
742,,272,soffiatura libera
743,,272,soffiatura libera
744,,25,modellatura a tornio
745,,272,soffiatura libera
746,,272,soffiatura libera
747,,272,soffiatura libera
748,,272,soffiatura libera
749,,272,soffiatura libera
750,,272,soffiatura libera
751,,272,soffiatura libera
752,,25,modellatura a tornio
753,,25,modellatura a tornio
754,,53,Tecnica non presente in lista
755,,53,Tecnica non presente in lista
756,,53,Tecnica non presente in lista
757,,53,Tecnica non presente in lista
758,,53,Tecnica non presente in lista
759,,53,Tecnica non presente in lista
760,,53,Tecnica non presente in lista
761,,272,colatura libera
762,,272,colatura libera
763,,272,colatura libera
764,,272,colatura libera
765,,272,colatura libera
766,,272,colatura libera
767,,272,colatura libera
768,,272,colatura libera
769,,272,colatura libera
770,,272,colatura libera
771,,272,colatura libera
772,,272,colatura libera
773,,272,colatura libera
774,,272,colatura libera
775,,272,colatura libera
776,,272,colatura libera
777,,272,colatura libera
778,,272,colatura libera
779,,272,soffiatura libera
780,,272,soffiatura libera
781,,272,soffiatura libera
782,,186,a intaglio
783,,25,modellatura a tornio
784,,25,modellatura a tornio
785,,25,modellatura a tornio
786,,25,modellatura a tornio
787,,25,modellatura a tornio
788,,272,soffiatura libera
789,,34,fusione
790,,25,a matrice
791,,272,colatura libera
792,,272,colatura libera
793,,25,modellatura a tornio
794,,25,modellatura a tornio
795,,25,a matrice
796,,25,modellatura a tornio
797,,25,modellatura a tornio
798,,25,modellatura a tornio
799,,25,modellatura a tornio
800,,25,modellatura a tornio
801,,25,modellatura a tornio
802,,25,modellatura a tornio
803,,186,a intaglio
804,,186,a intaglio
805,,186,a intaglio
806,,186,a intaglio
807,,186,a intaglio
808,,25,a mano
809,,25,a mano
810,,272,colatura libera
811,,272,colatura libera
812,,272,colatura libera
813,,272,colatura libera
814,,272,colatura libera
815,,272,colatura libera
816,,272,colatura libera
817,,272,colatura libera
818,,272,colatura libera
819,,272,colatura libera
820,,272,colatura libera
821,,272,colatura libera
822,,272,colatura libera
823,,272,colatura libera
824,,272,colatura libera
825,,272,colatura libera
826,,272,colatura libera
827,,272,colatura libera
828,,272,colatura libera
829,,272,colatura libera
830,,272,colatura libera
831,,272,colatura libera
832,,272,colatura libera
833,,272,colatura libera
834,,272,colatura libera
835,,272,colatura libera
836,,272,colatura libera
837,,272,colatura libera
838,,272,colatura libera
839,,272,colatura libera
840,,272,colatura libera
841,,272,colatura libera
842,,272,colatura libera
843,,272,colatura libera
844,,272,colatura libera
845,,272,colatura libera
846,,272,colatura libera
847,,272,colatura libera
848,,272,colatura libera
849,,272,colatura libera
850,,272,colatura libera
851,,272,colatura libera
852,,272,colatura libera
853,,272,colatura libera
854,,272,colatura libera
855,,272,colatura libera
856,,272,colatura libera
857,,186,a intaglio
858,,53,Tecnica non presente in lista
859,,53,Tecnica non presente in lista
860,,53,Tecnica non presente in lista
861,,53,Tecnica non presente in lista
862,,53,Tecnica non presente in lista
863,,53,Tecnica non presente in lista
864,,53,Tecnica non presente in lista
865,,53,Tecnica non presente in lista
866,,53,Tecnica non presente in lista
867,,53,Tecnica non presente in lista
868,,53,Tecnica non presente in lista
869,,53,Tecnica non presente in lista
870,,53,Tecnica non presente in lista
871,,53,Tecnica non presente in lista
872,,53,Tecnica non presente in lista
873,,53,Tecnica non presente in lista
874,,53,Tecnica non presente in lista
875,,53,Tecnica non presente in lista
876,,53,Tecnica non presente in lista
877,,53,Tecnica non presente in lista
878,,53,Tecnica non presente in lista
879,,53,Tecnica non presente in lista
880,,53,Tecnica non presente in lista
881,,53,Tecnica non presente in lista
882,,53,Tecnica non presente in lista
883,,53,Tecnica non presente in lista
884,,53,Tecnica non presente in lista
885,,53,Tecnica non presente in lista
886,,53,Tecnica non presente in lista
887,,53,Tecnica non presente in lista
888,,53,Tecnica non presente in lista
889,,53,Tecnica non presente in lista
890,,53,Tecnica non presente in lista
891,,53,Tecnica non presente in lista
892,,53,Tecnica non presente in lista
893,,53,Tecnica non presente in lista
894,,53,Tecnica non presente in lista
895,,53,Tecnica non presente in lista
896,,53,Tecnica non presente in lista
897,,53,Tecnica non presente in lista
898,,53,Tecnica non presente in lista
899,,53,Tecnica non presente in lista
900,,53,Tecnica non presente in lista
901,,53,Tecnica non presente in lista
902,,53,Tecnica non presente in lista
903,,53,Tecnica non presente in lista
904,,53,Tecnica non presente in lista
905,,53,Tecnica non presente in lista
906,,53,Tecnica non presente in lista
907,,53,Tecnica non presente in lista
908,,53,Tecnica non presente in lista
909,,53,Tecnica non presente in lista
910,,53,Tecnica non presente in lista
911,,53,Tecnica non presente in lista
912,,53,Tecnica non presente in lista
913,,53,Tecnica non presente in lista
914,,53,Tecnica non presente in lista
915,,53,Tecnica non presente in lista
916,,53,Tecnica non presente in lista
917,,53,Tecnica non presente in lista
918,,53,Tecnica non presente in lista
919,,53,Tecnica non presente in lista
920,,53,Tecnica non presente in lista
921,,53,Tecnica non presente in lista
922,,53,Tecnica non presente in lista
923,,53,Tecnica non presente in lista
924,,53,Tecnica non presente in lista
925,,53,Tecnica non presente in lista
926,,53,Tecnica non presente in lista
927,,53,Tecnica non presente in lista
928,,53,Tecnica non presente in lista
929,,53,Tecnica non presente in lista
930,,53,Tecnica non presente in lista
931,,53,Tecnica non presente in lista
932,,53,Tecnica non presente in lista
933,,53,Tecnica non presente in lista
934,,53,Tecnica non presente in lista
935,,53,Tecnica non presente in lista
936,,53,Tecnica non presente in lista
937,,53,Tecnica non presente in lista
938,,53,Tecnica non presente in lista
939,,53,Tecnica non presente in lista
940,,53,Tecnica non presente in lista
941,,53,Tecnica non presente in lista
942,,53,Tecnica non presente in lista
943,,53,Tecnica non presente in lista
944,,53,Tecnica non presente in lista
945,,53,Tecnica non presente in lista
946,,53,Tecnica non presente in lista
947,,53,Tecnica non presente in lista
948,,53,Tecnica non presente in lista
949,,53,Tecnica non presente in lista
950,,53,Tecnica non presente in lista
951,,53,Tecnica non presente in lista
952,,53,Tecnica non presente in lista
953,,53,Tecnica non presente in lista
954,,53,Tecnica non presente in lista
955,,53,Tecnica non presente in lista
956,,53,Tecnica non presente in lista
957,,53,Tecnica non presente in lista
958,,53,Tecnica non presente in lista
959,,53,Tecnica non presente in lista
960,,53,Tecnica non presente in lista
961,,53,Tecnica non presente in lista
962,,53,Tecnica non presente in lista
963,,53,Tecnica non presente in lista
964,,53,Tecnica non presente in lista
965,,53,Tecnica non presente in lista
966,,53,Tecnica non presente in lista
967,,53,Tecnica non presente in lista
968,,53,Tecnica non presente in lista
969,,53,Tecnica non presente in lista
970,,53,Tecnica non presente in lista
971,,53,Tecnica non presente in lista
972,,53,Tecnica non presente in lista
973,,53,Tecnica non presente in lista
974,,53,Tecnica non presente in lista
975,,53,Tecnica non presente in lista
976,,53,Tecnica non presente in lista
977,,53,Tecnica non presente in lista
978,,53,Tecnica non presente in lista
979,,53,Tecnica non presente in lista
980,,53,Tecnica non presente in lista
981,,53,Tecnica non presente in lista
982,,53,Tecnica non presente in lista
983,,53,Tecnica non presente in lista
984,,53,Tecnica non presente in lista
985,,53,Tecnica non presente in lista
986,,53,Tecnica non presente in lista
987,,53,Tecnica non presente in lista
988,,53,Tecnica non presente in lista
989,,53,Tecnica non presente in lista
990,,53,Tecnica non presente in lista
991,,53,Tecnica non presente in lista
992,,53,Tecnica non presente in lista
993,,53,Tecnica non presente in lista
994,,53,Tecnica non presente in lista
995,,53,Tecnica non presente in lista
996,,53,Tecnica non presente in lista
997,,53,Tecnica non presente in lista
998,,53,Tecnica non presente in lista
999,,53,Tecnica non presente in lista
1000,,53,Tecnica non presente in lista
1001,,53,Tecnica non presente in lista
1002,,53,Tecnica non presente in lista
1003,,53,Tecnica non presente in lista
1004,,53,Tecnica non presente in lista
1005,,53,Tecnica non presente in lista
1006,,186,a intaglio
1007,,184,"a sbalzo per impressione, ritaglio"
1008,,34,"fusione, doratura a foglia"
1008,,184,"a sbalzo per impressione, ritaglio"
1009,,186,a intaglio
1010,,53,Tecnica non presente in lista
1011,,53,Tecnica non presente in lista
1012,,53,Tecnica non presente in lista
1013,,53,Tecnica non presente in lista
1014,,53,Tecnica non presente in lista
1015,,53,Tecnica non presente in lista
1016,,53,Tecnica non presente in lista
1017,,53,Tecnica non presente in lista
1018,,53,Tecnica non presente in lista
1019,,53,Tecnica non presente in lista
1020,,53,Tecnica non presente in lista
1021,,53,Tecnica non presente in lista
1022,,53,Tecnica non presente in lista
1023,,53,Tecnica non presente in lista
1024,,53,Tecnica non presente in lista
1025,,53,Tecnica non presente in lista
1026,,53,Tecnica non presente in lista
1027,,53,Tecnica non presente in lista
1028,,53,Tecnica non presente in lista
1029,,53,Tecnica non presente in lista
1030,,53,Tecnica non presente in lista
1031,,53,Tecnica non presente in lista
1032,,53,Tecnica non presente in lista
1033,,53,Tecnica non presente in lista
1034,,53,Tecnica non presente in lista
1035,,53,Tecnica non presente in lista
1036,,53,Tecnica non presente in lista
1037,,53,Tecnica non presente in lista
1038,,53,Tecnica non presente in lista
1039,,53,Tecnica non presente in lista
1040,,53,Tecnica non presente in lista
1041,,53,Tecnica non presente in lista
1042,,53,Tecnica non presente in lista
1043,,53,Tecnica non presente in lista
1044,,71,"fusione, battitura a caldo"
1045,,186,a intaglio
1046,,71,fusione
1047,,186,a intaglio
1048,,71,fusione
1049,,186,a intaglio
1050,,25,a matrice
1051,,186,a intaglio
1052,,186,a intaglio
1053,,186,a intaglio
1054,,186,a intaglio
1055,,186,a intaglio
1056,,26,a intaglio
1057,,186,a intaglio
1058,,34,fusione
1059,,184,"a sbalzo per impressione, ritaglio"
1060,,25,modellatura a tornio
1061,,25,modellatura a tornio
1062,,186,a intaglio
1063,,186,a intaglio
1064,,25,modellatura a tornio
1065,,186,a intaglio
1066,,186,a intaglio
1067,,25,modellatura a tornio
1068,,71,"fusione, battitura a caldo"
1069,,71,"fusione, battitura a caldo"
1070,,71,"fusione, battitura a caldo"
1071,,25,modellatura a tornio
1072,,272,a stampo
1073,,272,a stampo
1074,,186,a intaglio
1075,,71,"fusione, battitura a caldo"
1076,,272,soffiatura libera
1077,,272,soffiatura libera
1078,,25,modellatura a tornio
1079,,25,modellatura a tornio
1080,,25,modellatura a tornio
1081,,272,soffiatura a stampo
1082,,272,soffiatura a stampo
1083,,186,a intaglio
1084,,272,a stampo
1085,,272,soffiatura libera
1086,,25,modellatura a tornio
1087,,272,soffiatura a stampo
1088,,272,soffiatura libera
1089,,272,soffiatura libera
1090,,25,modellatura a tornio
1091,,25,modellatura a tornio
1092,,25,modellatura a tornio
1093,,25,modellatura a tornio
1094,,25,modellatura a tornio
1095,,25,modellatura a tornio
1096,,25,a matrice
1097,,25,a matrice
1098,,25,a matrice
1099,,25,a matrice
1100,,25,a matrice
1101,,25,a matrice
1102,,25,a matrice
1103,,25,modellatura a tornio
1104,,25,modellatura a tornio
1105,,53,Tecnica non presente in lista
1106,,53,Tecnica non presente in lista
1107,,53,Tecnica non presente in lista
1108,,53,Tecnica non presente in lista
1109,,53,Tecnica non presente in lista
1110,,53,Tecnica non presente in lista
1111,,53,Tecnica non presente in lista
1112,,53,Tecnica non presente in lista
1113,,53,Tecnica non presente in lista
1114,,53,Tecnica non presente in lista
1115,,53,Tecnica non presente in lista
1116,,53,Tecnica non presente in lista
1117,,53,Tecnica non presente in lista
1118,,272,colatura libera
1119,,272,colatura libera
1120,,272,colatura libera
1121,,272,colatura libera
1122,,272,colatura libera
1123,,272,colatura libera
1124,,71,"fusione, battitura a caldo"
1125,,71,"fusione, battitura a caldo"
1126,,34,"fusione, battitura"
1127,,71,"fusione, battitura a caldo"
1128,,25,modellatura a tornio
1129,,25,modellatura a tornio
1130,,25,modellatura a tornio
1131,,25,modellatura a tornio
1132,,71,"fusione, battitura a caldo"
1133,,25,modellatura a tornio
1134,,25,modellatura a tornio
1135,,25,a matrice
1136,,71,"fusione, battitura a caldo"
1137,,71,"fusione, battitura a caldo"
1138,,25,a matrice
1139,,25,a matrice
1140,,71,"fusione, battitura a caldo"
1141,,71,"fusione, battitura a caldo"
1142,,71,"fusione, battitura a caldo"
1143,,71,"fusione, battitura a caldo"
1144,,71,"fusione, battitura a caldo"
1145,,71,"fusione, battitura a caldo"
1146,,71,"fusione, battitura a caldo"
1147,,71,"fusione, battitura a caldo"
1148,,71,"fusione, battitura a caldo"
1149,,71,"fusione, battitura a caldo"
1150,,25,a matrice
1151,,25,modellatura a tornio
1152,,25,modellatura a tornio
1153,,25,modellatura a tornio
1154,,25,modellatura a tornio
1155,,25,modellatura a tornio
1156,,25,modellatura a tornio
1157,,25,modellatura a tornio
1158,,25,modellatura a tornio
1159,,272,colatura libera
1160,,272,colatura libera
1161,,272,colatura libera
1162,,272,colatura libera
1163,,272,colatura libera
1164,,272,colatura libera
1165,,272,colatura libera
1166,,272,colatura libera
1167,,272,colatura libera
1168,,272,colatura libera
1169,,272,colatura libera
1170,,272,colatura libera
1171,,272,colatura libera
1172,,272,colatura libera
1173,,272,colatura libera
1174,,272,colatura libera
1175,,272,colatura libera
1176,,272,colatura libera
1177,,26,a intaglio
1178,,22,fusione
1178,,71,fusione
1179,,71,fusione
1179,,98,intaglio
1180,,22,fusione
1181,,26,a intaglio
1182,,34,fusione
1183,,25,a matrice
1184,,25,a matrice
1185,,26,a intaglio
1186,,34,fusione
1187,,34,fusione
1188,,25,modellatura a tornio
1189,,25,modellatura a tornio
1190,,25,modellatura a tornio
1191,,25,modellatura a tornio
1192,,25,modellatura a tornio
1193,,25,modellatura a tornio
1194,,25,a matrice
1195,,25,modellatura a tornio
1196,,186,a intaglio
1197,,186,a intaglio
1198,,25,modellatura a tornio
1199,,25,modellatura a tornio
1200,,186,a intaglio
1201,,34,fusione
1202,,272,a stampo
1203,,71,"fusione, battitura a caldo"
1204,,71,"fusione, battitura a caldo"
1205,,71,"fusione, battitura a caldo"
1206,,34,fusione
1207,,71,"fusione, battitura a caldo"
1208,,272,a stampo
1209,,25,a mano
1210,,25,a matrice
1211,,34,fusione
1212,,25,modellatura a tornio
1213,,25,a matrice
1214,,25,modellatura a tornio
1215,,25,modellatura a tornio
1216,,25,modellatura a tornio
1217,,25,modellatura a tornio
1218,,25,modellatura a tornio
1219,,25,modellatura a tornio
1220,,25,modellatura a tornio
1221,,272,a stampo
1222,,272,soffiatura libera
1223,,272,soffiatura libera
1224,,34,fusione
1225,,71,"fusione, battitura a caldo"
1226,,71,"fusione, battitura a caldo"
1227,,25,a matrice
1228,,25,modellatura a tornio
1229,,25,modellatura a tornio
1230,,25,modellatura a tornio
1231,,25,modellatura a tornio
1232,,25,modellatura a tornio
1233,,25,modellatura a tornio
1234,,25,modellatura a tornio
1235,,53,Tecnica non presente in lista
1236,,53,Tecnica non presente in lista
1237,,53,Tecnica non presente in lista
1238,,53,Tecnica non presente in lista
1239,,71,"fusione, battitura a caldo"
1240,,53,Tecnica non presente in lista
1241,,53,Tecnica non presente in lista
1242,,53,Tecnica non presente in lista
1243,,25,modellatura a tornio
1244,,25,modellatura a tornio
1245,,25,modellatura a tornio
1246,,25,modellatura a tornio
1247,,272,soffiatura libera
1248,,184,"a sbalzo per impressione, ritaglio"
1249,,184,"a sbalzo per impressione, ritaglio"
1250,,184,"a sbalzo per impressione, ritaglio"
1251,,272,colatura libera
1252,,272,colatura libera
1253,,272,colatura libera
1254,,272,colatura libera
1255,,272,colatura libera
1256,,272,colatura libera
1257,,272,colatura libera
1258,,26,a intaglio
1259,,26,a intaglio
1260,,272,colatura libera
1261,,272,colatura libera
1262,,272,colatura libera
1263,,272,colatura libera
1264,,272,colatura libera
1265,,272,colatura libera
1266,,272,colatura libera
1267,,272,colatura libera
1268,,272,colatura libera
1269,,53,Tecnica non presente in lista
1270,,53,Tecnica non presente in lista
1271,,53,Tecnica non presente in lista
1272,,53,Tecnica non presente in lista
1273,,53,Tecnica non presente in lista
1274,,53,Tecnica non presente in lista
1275,,53,Tecnica non presente in lista
1276,,53,Tecnica non presente in lista
1277,,53,Tecnica non presente in lista
1278,,53,Tecnica non presente in lista
1279,,103,Tecnica non presente in lista
1280,,103,Tecnica non presente in lista
1281,,103,Tecnica non presente in lista
1282,,186,a intaglio
1283,,186,a intaglio
1284,,186,a intaglio
1285,,186,a intaglio
1286,,186,a intaglio
1287,,186,a intaglio
1288,,186,a intaglio
1289,,186,a intaglio
1290,,186,a intaglio
1291,,272,colatura libera
1292,,272,colatura libera
1293,,272,colatura libera
1294,,272,colatura libera
1295,,272,colatura libera
1296,,272,colatura libera
1297,,272,colatura libera
1298,,272,soffiatura libera
1299,,25,modellatura a tornio
1300,,25,modellatura a tornio
1301,,25,modellatura a tornio
1302,,25,modellatura a tornio
1303,,34,fusione
1304,,25,modellatura a tornio
1305,,34,"fusione, battitura a caldo"
1306,,71,fusione
1307,,34,"fusione, battitura a caldo"
1307,,208,fusione
1308,,71,"fusione, battitura a caldo"
1309,,25,modellatura a tornio
1310,,25,modellatura a tornio
1311,,25,a matrice
1312,,25,modellatura a tornio
1313,,25,"a mano, doratura a foglia"
1313,,34,"fusione, doratura a foglia"
1314,,25,modellatura a tornio
1315,,25,modellatura a tornio
1316,,25,modellatura a tornio
1317,,25,modellatura a tornio
1318,,25,modellatura a tornio
1319,,272,colatura libera
1320,,272,colatura libera
1321,,272,colatura libera
1322,,272,colatura libera
1323,,272,colatura libera
1324,,272,colatura libera
1325,,272,colatura libera
1326,,272,colatura libera
1327,,272,colatura libera
1328,,272,colatura libera
1329,,272,colatura libera
1330,,272,colatura libera
1331,,272,colatura libera
1332,,272,colatura libera
1333,,272,colatura libera
1334,,272,colatura libera
1335,,272,colatura libera
1336,,272,colatura libera
1337,,272,colatura libera
1338,,272,colatura libera
1339,,272,colatura libera
1340,,272,colatura libera
1341,,272,colatura libera
1342,,272,colatura libera
1343,,272,colatura libera
1344,,272,colatura libera
1345,,272,colatura libera
1346,,272,colatura libera
1347,,272,colatura libera
1348,,272,colatura libera
1349,,272,colatura libera
1350,,272,colatura libera
1351,,272,colatura libera
1352,,272,colatura libera
1353,,272,colatura libera
1354,,272,colatura libera
1355,,272,colatura libera
1356,,272,colatura libera
1357,,272,colatura libera
1358,,272,colatura libera
1359,,272,colatura libera
1360,,272,colatura libera
1361,,272,colatura libera
1362,,272,colatura libera
1363,,272,colatura libera
1364,,272,colatura libera
1365,,272,colatura libera
1366,,272,colatura libera
1367,,272,colatura libera
1368,,272,colatura libera
1369,,272,colatura libera
1370,,272,colatura libera
1371,,272,colatura libera
1372,,272,colatura libera
1373,,272,colatura libera
1374,,272,colatura libera
1375,,272,colatura libera
1376,,272,colatura libera
1377,,272,colatura libera
1378,,272,colatura libera
1379,,272,colatura libera
1380,,272,colatura libera
1381,,272,colatura libera
1382,,272,colatura libera
1383,,272,colatura libera
1384,,272,colatura libera
1385,,272,colatura libera
1386,,272,colatura libera
1387,,272,colatura libera
1388,,272,colatura libera
1389,,272,colatura libera
1390,,272,colatura libera
1391,,272,colatura libera
1392,,272,colatura libera
1393,,272,colatura libera
1394,,272,colatura libera
1395,,272,colatura libera
1396,,272,colatura libera
1397,,272,colatura libera
1398,,272,colatura libera
1399,,25,a matrice
1400,,34,"fusione, battitura a caldo"
1401,,25,modellatura a tornio
1402,,25,modellatura a tornio
1403,,71,"fusione, battitura a caldo"
1404,,71,"fusione, battitura a caldo"
1405,,71,"fusione, battitura a caldo"
1406,,71,"fusione, battitura a caldo"
1407,,71,"fusione, battitura a caldo"
1408,,71,"fusione, battitura a caldo"
1409,,71,"fusione, battitura a caldo"
1410,,71,"fusione, battitura a caldo"
1411,,71,"fusione, battitura a caldo"
1412,,71,"fusione, battitura a caldo"
1413,,71,"fusione, battitura a caldo"
1414,,71,"fusione, battitura a caldo"
1415,,71,"fusione, battitura a caldo"
1416,,71,"fusione, battitura a caldo"
1417,,25,modellatura a tornio
1418,,186,a intaglio
1419,,103,Tecnica non presente in lista
1419,,206,Tecnica non presente in lista
1420,,272,soffiatura libera
1421,,25,modellatura a tornio
1422,,272,soffiatura libera
1423,,206,Tecnica non presente in lista
1424,,25,modellatura a tornio
1425,,25,modellatura a tornio
1426,,25,modellatura a tornio
1427,,206,Tecnica non presente in lista
1428,,206,Tecnica non presente in lista
1429,,206,Tecnica non presente in lista
1430,,45,Tecnica non presente in lista
1431,,25,a matrice
1432,,25,modellatura a tornio
1433,,25,modellatura a tornio
1434,,206,Tecnica non presente in lista
1435,,25,modellatura a tornio
1436,,25,modellatura a tornio
1437,,25,modellatura a tornio
1438,,25,modellatura a tornio
1439,,25,modellatura a tornio
1440,,25,modellatura a tornio
1441,,25,modellatura a tornio
1442,,25,modellatura a tornio
1443,,25,modellatura a tornio
1444,,25,modellatura a tornio
1445,,25,modellatura a tornio
1446,,25,modellatura a tornio
1447,,25,modellatura a tornio
1448,,25,modellatura a tornio
1449,,25,modellatura a tornio
1450,,25,modellatura a tornio
1451,,25,modellatura a tornio
1452,,25,modellatura a tornio
1453,,25,modellatura a tornio
1454,,25,modellatura a tornio
1455,,25,modellatura a tornio
1456,,25,modellatura a tornio
1457,,25,modellatura a tornio
1458,,25,modellatura a tornio
1459,,25,modellatura a tornio
1460,,25,modellatura a tornio
1461,,25,modellatura a tornio
1462,,25,modellatura a tornio
1463,,25,modellatura a tornio
1464,,25,"modellatura a tornio, a matrice"
1465,,25,"modellatura a tornio, a matrice"
1466,,25,"modellatura a tornio, a stampo"
1467,,25,"modellatura a tornio, a stampo"
1468,,25,modellatura a tornio
1469,,25,"modellatura a tornio, a matrice"
1470,,25,modellatura a tornio
1471,,25,modellatura a tornio
1472,,103,Tecnica non presente in lista
1473,,25,modellatura a tornio
1474,,25,modellatura a tornio
1475,,25,modellatura a tornio
1476,,6,a intaglio
1477,,25,modellatura a tornio
1478,,6,a intaglio
1479,,272,soffiatura libera
1480,,25,modellatura a tornio
1481,,25,modellatura a tornio
1482,,25,modellatura a tornio
1483,,25,modellatura a tornio
1484,,25,modellatura a tornio
1485,,25,modellatura a tornio
1486,,25,modellatura a tornio
1487,,25,modellatura a tornio
1488,,25,modellatura a tornio
1489,,272,soffiatura libera
1490,,272,soffiatura libera
1491,,25,modellatura a tornio
1492,,25,modellatura a tornio
1493,,25,modellatura a tornio
1494,,25,modellatura a tornio
1495,,25,a matrice
1496,,25,modellatura a tornio
1497,,25,modellatura a tornio
1498,,25,modellatura a tornio
1499,,25,modellatura a tornio
1500,,25,modellatura a tornio
1501,,25,modellatura a tornio
1502,,25,modellatura a tornio
1503,,25,modellatura a tornio
1504,,25,modellatura a tornio
1505,,25,modellatura a tornio
1506,,25,modellatura a tornio
1507,,34,fusione
1508,,25,modellatura a tornio
1509,,25,a matrice
1510,,25,a matrice
1511,,25,modellatura a tornio
1512,,25,modellatura a tornio
1513,,25,modellatura a tornio
1514,,25,modellatura a tornio
1515,,25,modellatura a tornio
1516,,25,modellatura a tornio
1517,,25,modellatura a tornio
1518,,25,modellatura a tornio
1519,,25,modellatura a tornio
1520,,25,modellatura a tornio
1521,,25,modellatura a tornio
1522,,272,a stampo
1523,,25,modellatura a tornio
1524,,25,modellatura a tornio
1525,,25,modellatura a tornio
1526,,25,modellatura a tornio
1527,,25,modellatura a tornio
1528,,25,modellatura a tornio
1529,,25,a matrice
1530,,25,modellatura a tornio
1531,,25,modellatura a tornio
1532,,25,modellatura a tornio
1533,,22,fusione
1533,,53,Tecnica non presente in lista
1534,,22,fusione
1534,,53,Tecnica non presente in lista
1535,,25,modellatura a tornio
1536,,25,modellatura a tornio
1537,,25,modellatura a tornio
1538,,25,modellatura a tornio
1539,,272,soffiatura libera
1540,,25,modellatura a tornio
1541,,25,modellatura a tornio
1542,,25,a matrice
1543,,25,a matrice
1544,,25,a matrice
1545,,25,modellatura a tornio
1546,,25,modellatura a tornio
1547,,25,modellatura a tornio
1548,,25,a matrice
1549,,25,modellatura a tornio
1550,,184,filatura
1551,,184,filatura
1552,,22,fusione
1553,,34,fusione
1554,,22,fusione
1555,,186,a intaglio
1556,,186,a intaglio
1557,,186,a intaglio
1558,,186,a intaglio
1559,,186,a intaglio
1560,,186,a intaglio
1561,,71,fusione
1562,,25,a matrice
1563,,25,a matrice
1564,,25,modellatura a tornio
1565,,25,modellatura a tornio
1566,,71,"fusione, battitura a caldo"
1567,,71,"fusione, battitura a caldo"
1568,,71,fusione
1569,,34,"fusione, battitura a caldo"
1570,,71,"fusione, battitura a caldo"
1571,,186,a intaglio
1572,,25,a matrice
1573,,26,a intaglio
1574,,255,Tecnica non presente in lista
1574,,184,filatura
1575,,25,a matrice
1576,,25,a matrice
1577,,25,a matrice
1578,,25,a matrice
1579,,25,a matrice
1580,,25,a matrice
1581,,25,a mano
1582,,25,a mano
1583,,25,a mano
1584,,25,a mano
1585,,25,a mano
1586,,25,a mano
1587,,25,a matrice
1588,,25,a matrice
1589,,53,Tecnica non presente in lista
1590,,25,modellatura a tornio
1591,,25,modellatura a tornio
1592,,25,modellatura a tornio
1593,,25,modellatura a tornio
1594,,25,modellatura a tornio
1595,,25,modellatura a tornio
1596,,25,modellatura a tornio
1597,,25,a mano
1598,,25,a mano
1599,,25,a mano
1600,,25,a mano
1601,,25,a mano
1602,,25,a mano
1603,,25,modellatura a tornio
1604,,25,a mano
1605,,25,a mano
1606,,25,a mano
1607,,196,evigatura
1608,,25,modellatura a tornio
1609,,25,modellatura a tornio
1610,,71,"fusione, battitura a caldo"
1611,,71,fusione
1612,,71,fusione
1613,,71,fusione
1614,,71,fusione
1615,,71,fusione
1616,,71,fusione
1617,,71,"fusione, battitura a caldo"
1618,,103,Tecnica non presente in lista
1619,,103,Tecnica non presente in lista
1620,,103,a incisione
1621,,103,a incisione
1622,,45,a incisione
1623,,34,"fusione, a impressione"
1624,,184,"a sbalzo per impressione, ritaglio"
1625,,34,"fusione, doratura a foglia"
1625,,184,"a sbalzo per impressione, ritaglio"
1626,,272,a intaglio
1627,,184,"trafilatura, ritaglio, a intreccio, granulazione, filigrana"
1627,,272,colatura libera
1628,,184,"trafilatura, ritaglio, a intreccio, granulazione, filigrana"
1628,,272,colatura libera
1629,,22,fusione
1629,,26,a intaglio
1630,,184,"trafilatura, ritaglio, a sbalzo per impression,"
1631,,184,"trafilatura, ritaglio, a intreccio, granulazione, filigrana"
1632,,184,"trafilatura, ritaglio, a intreccio, a sbalzo per impression, granulazione, filigrana"
1633,,184,"trafilatura, ritaglio, a intreccio, a sbalzo per impression, granulazione, filigrana"
1634,,184,"trafilatura, ritaglio, a intreccio, a sbalzo per impression, granulazione, filigrana"
1635,,184,"trafilatura, ritaglio, a intreccio, a sbalzo per impression, granulazione, filigrana"
1636,,26,a intaglio
1637,,184,"trafilatura, ritaglio, a intreccio, granulazione, filigrana"
1637,,241,Tecnica non presente in lista
1637,,272,colatura libera
1638,,184,"trafilatura, ritaglio, a intreccio, granulazione, filigrana"
1638,,241,Tecnica non presente in lista
1638,,272,colatura libera
1639,,184,"trafilatura, ritaglio, a sbalzo per impression"
1640,,196,Tecnica non presente in lista
1640,,184,trafilatura
1640,,272,colatura libera
1641,,184,"trafilatura, ritaglio, a sbalzo per impression"
1642,,184,"trafilatura, ritaglio, a sbalzo per impression"
1643,,196,Tecnica non presente in lista
1643,,184,"trafilatura, ritaglio, a sbalzo per impression"
1644,,196,Tecnica non presente in lista
1644,,184,"trafilatura, ritaglio, a sbalzo per impression"
1645,,196,Tecnica non presente in lista
1645,,184,"trafilatura, ritaglio, a sbalzo per impression"
1646,,196,Tecnica non presente in lista
1646,,184,"trafilatura, ritaglio, a sbalzo per impression"
1647,,196,Tecnica non presente in lista
1647,,184,"trafilatura, ritaglio, a intreccio"
1648,,196,Tecnica non presente in lista
1648,,184,"trafilatura, ritaglio, a intreccio"
1649,,184,"trafilatura, ritaglio, a intreccio, granulazione, filigrana"
1649,,272,colatura libera
1650,,184,"trafilatura, ritaglio, a sbalzo per impression, intreccio"
1651,,184,"trafilatura, ritaglio, a intreccio, granulazione, filigrana"
1651,,272,colatura libera
1652,,184,"trafilatura, ritaglio, a intreccio, granulazione, filigrana"
1652,,272,colatura libera
1653,,184,trafilatura
1653,,272,colatura libera
1654,,184,trafilatura
1654,,272,colatura libera
1655,,184,"trafilatura, ritaglio, a sbalzo per impression"
1656,,184,"trafilatura, ritaglio, a sbalzo per impression, intreccio"
1657,,184,"trafilatura, ritaglio, a sbalzo per impression, intreccio"
1658,,184,"trafilatura, ritaglio, a intreccio, granulazione, filigrana"
1658,,272,colatura libera
1659,,184,"trafilatura, ritaglio, a intreccio, granulazione, filigrana"
1659,,272,colatura libera
1660,,196,Tecnica non presente in lista
1660,,184,"trafilatura, ritaglio, a intreccio"
1661,,184,trafilatura
1661,,272,colatura libera
1662,,184,"trafilatura, ritaglio, a sbalzo per impression"
1663,,184,"trafilatura, ritaglio, a sbalzo per impression"
1664,,25,modellatura a tornio
1665,,25,modellatura a tornio
1666,,25,modellatura a tornio
1667,,25,modellatura a tornio
1668,,25,modellatura a tornio
1669,,25,modellatura a tornio
1670,,25,modellatura a tornio
1671,,25,modellatura a tornio
1672,,25,modellatura a tornio
1673,,25,modellatura a tornio
1674,,25,modellatura a tornio
1675,,25,modellatura a tornio
1676,,272,a stampo
1677,,25,modellatura a tornio
1678,,26,a intaglio
1679,,208,fusione
1680,,22,fusione
1680,,26,a intaglio
1681,,25,modellatura a tornio
1682,,208,fusione
1683,,272,soffiatura a stampo
1684,,22,"fusione, battitura"
1684,,26,a intaglio
1684,,34,fusione
1685,,25,modellatura a tornio
1686,,26,a intaglio
1687,,26,a intaglio
1688,,25,modellatura a tornio
1689,,25,"modellatura a tornio, invetriatura"
1690,,25,modellatura a tornio
1691,,25,modellatura a tornio
1692,,25,modellatura a tornio
1693,,25,modellatura a tornio
1694,,25,modellatura a tornio
1695,,25,a matrice
1696,,25,a matrice
1697,,25,modellatura a tornio
1698,,25,modellatura a tornio
1699,,25,modellatura a tornio
1700,,25,modellatura a tornio
1701,,25,modellatura a tornio
1702,,25,modellatura a tornio
1703,,53,Tecnica non presente in lista
1704,,53,Tecnica non presente in lista
1705,,25,modellatura a tornio
1706,,25,modellatura a tornio
1707,,25,modellatura a tornio
1708,,25,modellatura a tornio
1709,,25,modellatura a tornio
1710,,25,modellatura a tornio
1711,,25,modellatura a tornio
1712,,25,modellatura a tornio
1713,,25,modellatura a tornio
1714,,25,modellatura a tornio
1715,,25,modellatura a tornio
1716,,25,modellatura a tornio
1717,,25,modellatura a tornio
1718,,25,modellatura a tornio
1719,,25,modellatura a tornio
1720,,25,modellatura a tornio
1721,,25,modellatura a tornio
1722,,25,modellatura a tornio
1723,,25,modellatura a tornio
1724,,25,modellatura a tornio
1725,,25,modellatura a tornio
1726,,25,modellatura a tornio
1727,,25,modellatura a tornio
1728,,25,modellatura a tornio
1729,,25,modellatura a tornio
1730,,25,modellatura a tornio
1731,,25,modellatura a tornio
1732,,25,modellatura a tornio
1733,,25,modellatura a tornio
1734,,25,modellatura a tornio
1735,,25,modellatura a tornio
1736,,25,modellatura a tornio
1737,,25,modellatura a tornio
1738,,25,modellatura a tornio
1739,,25,modellatura a tornio
1740,,25,modellatura a tornio
1741,,25,modellatura a tornio
1742,,25,modellatura a tornio
1743,,25,modellatura a tornio
1744,,25,modellatura a tornio
1745,,25,modellatura a tornio
1746,,25,modellatura a tornio
1747,,25,modellatura a tornio
1748,,25,modellatura a tornio
1749,,25,modellatura a tornio
1750,,25,modellatura a tornio
1751,,25,modellatura a tornio
1752,,25,modellatura a tornio
1753,,25,modellatura a tornio
1754,,25,modellatura a tornio
1755,,208,fusione
1756,,25,modellatura a tornio
1757,,25,modellatura a tornio
1758,,25,modellatura a tornio
1759,,25,a matrice
1760,,25,a matrice
1761,,25,a matrice
1762,,25,a matrice
1763,,25,a matrice
1764,,25,modellatura a tornio
1765,,25,a matrice
1766,,25,a matrice
1767,,25,a matrice
1768,,25,a matrice
1769,,25,a matrice
1770,,25,a matrice
1771,,25,a matrice
1772,,25,a matrice
1773,,25,a matrice
1774,,25,a matrice
1775,,25,a matrice
1776,,25,a matrice
1777,,25,a matrice
1778,,25,a matrice
1779,,25,a matrice
1780,,25,a matrice
1781,,25,a matrice
1782,,25,a matrice
1783,,25,a matrice
1784,,25,a matrice
1785,,25,a matrice
1786,,25,a matrice
1787,,25,a matrice
1788,,25,a matrice
1789,,25,a matrice
1790,,25,a matrice
1791,,25,a matrice
1792,,25,a matrice
1793,,25,a matrice
1794,,25,a matrice
1795,,25,modellatura a tornio
1796,,25,modellatura a tornio
1797,,25,modellatura a tornio
1798,,25,modellatura a tornio
1799,,25,modellatura a tornio
1800,,34,"fusione, battitura a caldo"
1801,,272,colatura libera
1802,,20,evigatura
1803,,272,colatura libera
1804,,272,colatura libera
1805,,272,colatura libera
1806,,272,colatura libera
1807,,186,a intaglio
1808,,272,colatura libera
1809,,26,a intaglio
1810,,25,modellatura a tornio
1811,,34,fusione
1812,,34,"fusione, a impressione"
1813,,25,a matrice
1814,,272,colatura libera
1815,,272,colatura libera
1816,,26,a intaglio
1817,,25,modellatura a tornio
1818,,186,a intaglio
1819,,103,Tecnica non presente in lista
1820,,37,Tecnica non presente in lista
1821,,186,Tecnica non presente in lista
1822,,186,Tecnica non presente in lista
1823,,22,"fusione, battitura"
1824,,186,a intaglio
1825,,25,modellatura a tornio
1826,,25,modellatura a tornio
1827,,25,modellatura a tornio
1828,,272,colatura libera
1829,,272,colatura libera
1830,,272,colatura libera
1831,,25,modellatura a tornio
1832,,186,a intaglio
1833,,186,a intaglio
1834,,186,a intaglio
1835,,186,a intaglio
1836,,186,a intaglio
1837,,25,modellatura a tornio
1838,,25,modellatura a tornio
1839,,25,modellatura a tornio
1840,,25,modellatura a tornio
1841,,25,modellatura a tornio
1842,,25,modellatura a tornio
1843,,25,modellatura a tornio
1844,,25,modellatura a tornio
1845,,25,modellatura a tornio
1846,,25,modellatura a tornio
1847,,25,modellatura a tornio
1848,,25,modellatura a tornio
1849,,25,modellatura a tornio
1850,,25,modellatura a tornio
1851,,25,modellatura a tornio
1852,,25,modellatura a tornio
1853,,25,modellatura a tornio
1854,,25,modellatura a tornio
1855,,25,modellatura a tornio
1856,,25,modellatura a tornio
1857,,26,a intaglio
1858,,186,a intaglio
1859,,25,modellatura a tornio
1860,,25,modellatura a tornio
1861,,25,modellatura a tornio
1862,,25,modellatura a tornio
1863,,25,modellatura a tornio
1864,,25,modellatura a tornio
1865,,25,modellatura a tornio
1866,,25,modellatura a tornio
1867,,25,modellatura a tornio
1868,,25,modellatura a tornio
1869,,25,modellatura a tornio
1870,,25,modellatura a tornio
1871,,26,a intaglio
1872,,26,a intaglio
1873,,26,a intaglio
1874,,26,a intaglio
1875,,26,a intaglio
1876,,26,a intaglio
1877,,26,a intaglio
1878,,26,a intaglio
1879,,26,a intaglio
1880,,26,a intaglio
1881,,26,a intaglio
1882,,26,a intaglio
1883,,26,a intaglio
1884,,25,modellatura a tornio
1885,,26,a intaglio
1886,,26,a intaglio
1887,,186,a intaglio
1888,,186,a intaglio
1889,,186,a intaglio
1890,,186,a intaglio
1891,,186,a intaglio
1892,,206,Tecnica non presente in lista
1893,,206,Tecnica non presente in lista
1894,,206,Tecnica non presente in lista
1895,,206,Tecnica non presente in lista
1896,,45,Tecnica non presente in lista
1897,,206,Tecnica non presente in lista
1898,,206,Tecnica non presente in lista
1899,,206,Tecnica non presente in lista
1900,,206,Tecnica non presente in lista
1901,,206,Tecnica non presente in lista
1902,,206,Tecnica non presente in lista
1903,,206,Tecnica non presente in lista
1904,,34,fusione
1905,,25,modellatura a tornio
1906,,25,modellatura a tornio
1907,,25,modellatura a tornio
1908,,25,modellatura a tornio
1909,,25,modellatura a tornio
1910,,25,modellatura a tornio
1911,,25,modellatura a tornio
1912,,25,modellatura a tornio
1913,,25,modellatura a tornio
1914,,25,modellatura a tornio
1915,,243,Tecnica non presente in lista
1916,,25,modellatura a tornio
1917,,71,"fusione, battitura a caldo"
1918,,25,modellatura a tornio
1919,,25,a matrice
1920,,25,a matrice
1921,,25,a matrice
1922,,25,a matrice
1923,,25,a matrice
1924,,186,a intaglio
1925,,71,"fusione, battitura a caldo"
1926,,196,Tecnica non presente in lista
1926,,184,"trafilatura, ritaglio, a intreccio"
1927,,25,modellatura a tornio
1928,,25,a matrice
1929,,25,a mano
1930,,25,modellatura a tornio
1931,,25,modellatura a tornio
1932,,25,modellatura a tornio
1933,,25,modellatura a tornio
1934,,25,modellatura a tornio
1935,,25,modellatura a tornio
1936,,25,modellatura a tornio
1937,,25,modellatura a tornio
1938,,25,modellatura a tornio
1939,,25,modellatura a tornio
1940,,25,a matrice
1941,,25,a matrice
1942,,25,a matrice
1943,,25,modellatura a tornio
1944,,25,modellatura a tornio
1945,,25,modellatura a tornio
1946,,25,modellatura a tornio
1947,,184,trafilatura
1947,,272,colatura libera
1948,,184,trafilatura
1948,,272,colatura libera
1949,,25,modellatura a tornio
1950,,25,modellatura a tornio
1951,,25,modellatura a tornio
1952,,25,a matrice
1953,,25,a matrice
1954,,25,a matrice
1955,,25,a mano
1956,,25,a matrice
1957,,25,a matrice
1958,,25,a matrice
1959,,25,a matrice
1960,,25,a matrice
1961,,25,a matrice
1962,,25,a matrice
1963,,25,a matrice
1964,,25,a matrice
1965,,25,a matrice
1966,,25,a matrice
1967,,25,a matrice
1968,,25,a matrice
1969,,25,a matrice
1970,,25,a matrice
1971,,25,a matrice
1972,,25,a matrice
1973,,25,a matrice
1974,,25,a matrice
1975,,184,trafilatura
1975,,272,colatura libera
1976,,184,trafilatura
1976,,272,colatura libera
1977,,272,a stampo
1978,,25,a matrice
1979,,272,colatura libera
1980,,272,colatura libera
1981,,25,a matrice
1982,,272,colatura libera
1983,,272,colatura libera
1984,,25,modellatura a tornio
1985,,25,modellatura a tornio
1986,,71,"fusione, battitura a caldo"
1987,,71,"fusione, battitura a caldo"
1988,,71,"fusione, battitura a caldo"
1989,,71,"fusione, battitura a caldo"
1990,,71,"fusione, battitura a caldo"
1991,,71,"fusione, battitura a caldo"
1992,,71,fusione
1993,,71,fusione
1994,,71,fusione
1995,,71,fusione
1996,,71,fusione
1997,,71,fusione
1998,,71,fusione
1999,,71,"fusione, battitura a caldo"
2000,,71,"fusione, battitura a caldo"
2001,,71,"fusione, battitura a caldo"
2002,,71,"fusione, battitura a caldo"
2003,,71,"fusione, battitura a caldo"
2004,,71,"fusione, battitura a caldo"
2005,,71,"fusione, battitura a caldo"
2006,,71,"fusione, battitura a caldo"
2007,,22,fusione
2008,,22,"fusione, battitura a caldo"
2009,,34,"fusione, battitura a caldo"
2010,,34,"fusione, battitura a caldo"
2011,,34,"fusione, battitura a caldo"
2012,,34,"fusione, battitura a caldo"
2013,,34,"fusione, battitura a caldo"
2014,,34,fusione
2015,,22,fusione
2016,,25,modellatura a tornio
2017,,25,modellatura a tornio
2018,,25,modellatura a tornio
2019,,25,modellatura a tornio
2020,,25,modellatura a tornio
2021,,25,modellatura a tornio
2022,,184,fusione
2023,,25,modellatura a tornio
2024,,25,modellatura a tornio
2025,,25,modellatura a tornio
2026,,25,modellatura a tornio
2027,,25,modellatura a tornio
2028,,25,modellatura a tornio
2029,,25,modellatura a tornio
2030,,25,modellatura a tornio
2031,,25,modellatura a tornio
2032,,25,modellatura a tornio
2033,,25,modellatura a tornio
2034,,25,modellatura a tornio
2035,,25,modellatura a tornio
2036,,103,Tecnica non presente in lista
2037,,25,a matrice
2038,,243,Tecnica non presente in lista
2039,,25,a matrice
2040,,25,a matrice
2041,,25,a matrice
2042,,22,fusione
2043,,22,fusione
2044,,22,fusione
2045,,22,fusione
2046,,34,"fusione, battitura a caldo"
2046,,71,"fusione, battitura a caldo"
2047,,34,fusione
2048,,34,fusione
2049,,34,fusione
2050,,34,fusione
2051,,71,fusione
2052,,34,fusione
2052,,71,battitura a caldo
2053,,34,fusione
2054,,34,fusione
2055,,34,"fusione, argentatura"
2055,,71,"fusione, battitura"
2056,,22,fusione
2057,,71,"fusione, battitura a caldo"
2058,,71,"fusione, battitura a caldo"
2059,,71,"fusione, battitura a caldo"
2060,,71,"fusione, battitura a caldo"
2061,,71,"fusione, battitura a caldo"
2062,,71,"fusione, battitura a caldo"
2063,,71,"fusione, battitura a caldo"
2064,,71,"fusione, battitura a caldo"
2065,,71,"fusione, battitura a caldo"
2066,,71,"fusione, battitura a caldo"
2067,,208,fusione
2068,,25,modellatura a tornio
2069,,25,modellatura a tornio
2070,,25,modellatura a tornio
2071,,25,modellatura a tornio
2072,,25,modellatura a tornio
2073,,25,modellatura a tornio
2074,,25,modellatura a tornio
2075,,25,modellatura a tornio
2076,,25,modellatura a tornio
2077,,25,modellatura a tornio
2078,,25,modellatura a tornio
2079,,25,modellatura a tornio
2080,,25,modellatura a tornio
2081,,25,modellatura a tornio
2082,,25,modellatura a tornio
2083,,25,modellatura a tornio
2084,,25,modellatura a tornio
2085,,26,a intaglio
2086,,243,Tecnica non presente in lista
2087,,34,fusione
2088,,34,fusione
2089,,71,fusione
2090,,22,fusione
2091,,71,fusione
2092,,25,a matrice
2093,,25,Tecnica non presente in lista
2094,,25,modellatura a tornio
2095,,186,a intaglio
2096,,25,modellatura a tornio
2097,,71,fusione
2098,,34,fusione
2099,,186,a intaglio
2100,,272,colatura libera
2101,,25,a matrice
2102,,45,Tecnica non presente in lista
2103,,196,a intaglio
2104,,25,modellatura a tornio
2105,,25,modellatura a tornio
2106,,25,"modellatura a tornio, a matrice"
2107,,25,modellatura a tornio
2108,,25,modellatura a tornio
2109,,272,a stampo
2110,,53,Tecnica non presente in lista
2111,,45,Tecnica non presente in lista
2112,,25,modellatura a tornio
2113,,25,modellatura a tornio
2114,,272,colatura libera
2115,,272,colatura libera
2116,,272,colatura libera
2117,,25,modellatura a tornio
2118,,272,colatura libera
2119,,272,colatura libera
2120,,272,colatura libera
2121,,272,colatura libera
2122,,272,colatura libera
2123,,272,colatura libera
2124,,272,colatura libera
2125,,25,a matrice