id,scheda,cmpd,nctn,inventario,suffisso,titolo,l3,l4,piano,sala,contenitore,comune,via,dtzgi,dtzgf,dtsi,dtsf,materia,tecnica,stcc,deso,oss
1,,2020/07/27,349142,33454,,cecconi-349142,14,88,0,2,,108,,22,35,,,84,Tecnica non presente in lista,1,Fusto di colonna monolitica liscia in granito. Si conserva parte dell'imoscapo e del sommoscapo.,
2,,2020/07/27,349143,33455,,cecconi-349143,14,88,0,2,,108,,22,35,,,107,Tecnica non presente in lista,1,Fusto di colonna monolitica liscia in marmo. Si conserva parte dell'imoscapo e del sommoscapo.,
3,,2020/07/27,349137,33456,,cecconi-349137,14,88,0,3,,108,,22,35,,,84,Tecnica non presente in lista,1,Fusto di colonna monolitica liscia in granito. Si conserva quasi integralmente l'imoscapo e il sommoscapo.,
4,,2020/07/27,349140,33457,,cecconi-349140,14,88,0,3,,108,,22,35,,,84,Tecnica non presente in lista,1,Fusto di colonna monolitica liscia in granito. Si conserva parte dell'imoscapo e del sommoscapo.,
5,,2020/07/27,349135,33458,,cecconi-349135,14,88,0,3,,108,,22,35,,,84,Tecnica non presente in lista,8,Fusto frammentario di colonna monolitica liscia in granito. Si conserva parte dell'imoscapo,
6,,2020/07/27,349139,33459,,cecconi-349139,14,88,0,3,,108,,22,35,,,84,Tecnica non presente in lista,8,Fusto frammentario di colonna monolitica liscia in granito. Si conserva parte dell'imoscapo.,
7,,2020/07/27,349134,33464,,cecconi-349134,14,88,0,3,,108,,22,35,,,84,Tecnica non presente in lista,8,Fusto frammentario di colonna monolitica liscia in granito. Si conserva parte dell'imoscapo,
8,,2020/07/27,349138,33465,,cecconi-349138,14,88,0,3,,108,,22,35,,,84,Tecnica non presente in lista,8,Fusto frammentario di colonna monolitica liscia in granito. Si conserva parte dell'imoscapo.,
9,,2020/07/27,349141,33466,,cecconi-349141,14,88,0,3,,108,,22,35,,,84,Tecnica non presente in lista,8,"Fusto frammentario di colonna monolitica liscia in granito. Si conserva parte dell'imoscapo ed sulla superficie superiore ed inferiore due incassi, a sezione rettangolare, volti all'inserimento di perni metallici.",
10,,2020/07/27,349136,33467,,cecconi-349136,14,88,0,3,,108,,22,35,,,84,Tecnica non presente in lista,8,Fusto frammentario di colonna monolitica liscia in granito. Si conserva parte dell'imoscapo.,
11,,2020/07/27,349133,37415,,cecconi-349133,21,176,0,3,,108,Via Duca degli Abruzzi,31,31,120,180,165,Tecnica non presente in lista,8,"Tappeto musivo bianco e nero con inserti di tessere di colore giallo. La cornice è composta da una sottile linea nera che inquadra una composizione ortogonale di losanghe a lati concavi nere, con quadripetali bianchi iscritti, tangenti a quadrati con losanghe a lati concavi nere iscritte, campite da svastiche di colore bianco.",
12,,2020/07/27,349146,51792,,cecconi-349146,20,170,0,3,,108,Via Cugini/Via Leonida,30,30,25,75,107,Tecnica non presente in lista,1,"Lastra funeraria marmorea, conformata a tavola pseudo ansata circondata da una stretta cornice, con epitaffio di Iulia Venusta, posto dalla madre che tace il proprio nome. Lettere regolari, con influenza della scrittura corsiva in particolare nelle ll. 3-5. Nane le ultime lettere del nome Venusta, inserite verticalmente nella riga 1; alle ll. 3 e 4 da notare la F più alta del rigo. Punteggiatura regolarmente usata, alle ll. 3 e 5 anche in fine di riga. L'iscrizione recita: Iulia Venusta
vixit ann(os) XXX;
mater filiae
bene meritae fecit.
H(ic) s(ita) e(st)",scavo 2005
13,,2020/07/27,349126,37414,,cecconi-349126,21,177,0,2,,108,"Piazza M. Immacolata, Giardino delle Suore Carità",32,32,201,250,165,Tecnica non presente in lista,1,"Emblema, originariamente inserito in un ampio pavimento musivo con composizione geometrico-reticolata, costituito da una cornice di fasce nere e bianche alternate in tessellato, che inquadrano un pannello centrale in breccia marmorea africana nero-rosata, circondata da listelli in breccia, rosso antico e marmo bianco cicladico.",scavo 1905
14,,2020/07/27,349127,,,cecconi-349127,16,124,0,2,,108,,36,39,,,199,Tecnica non presente in lista,1,"Capitello di parasta, composito, costituito da doppia corona di foglie d'acanto sormontate da astragalo ed echino decorato ad ovuli. Dall'abaco, con fiore centrale parzialmente conservato, generano le due ampie volute. La parte retrostante è solo parzialmente lavorata, giacché volta ad essere incassata nella muratura.",
15,,2020/07/27,349128,,,cecconi-349128,16,124,0,2,,108,,25,28,-450,-150,45,Tecnica non presente in lista,1,"Capitello ionico in pietra ricoperto di stucco, caratterizzato da echino disadorno, ampie volute e abaco liscio.",
16,,2020/07/27,349129,,,cecconi-349129,16,124,0,2,,108,,25,28,-450,-150,45,Tecnica non presente in lista,1,"Capitello ionico in pietra stuccata, costituito da lacerto di colonna rudentata e stuccata sormontata da echino disadorno, ampie volute e abaco liscio.",
17,,2020/07/27,349130,,,cecconi-349130,16,124,0,2,,108,,25,28,-450,-150,45,Tecnica non presente in lista,1,"Capitello ionico in pietra stuccata, caratterizzato da echino disadorno, ampie volute e abaco liscio. Ai lati delle volute sono presenti perni sporgenti a sezione rettangolare.",
18,,2020/07/29,349176,,,cecconi-349176,16,124,0,2,,108,,36,39,600,900,103,Tecnica non presente in lista,1,"Capitello corinzio caratterizzato da doppia corona di girali di foglie acantiformi, con occhielli a profilo allungato lavorati a trapano. La parte superiore presenta corte volute e protuberanze parallelepipedi sporgenti.",
19,,2020/07/29,349177,,,cecconi-349177,16,124,0,2,,108,,36,39,600,900,103,Tecnica non presente in lista,1,"Capitello corinzio, caratterizzato da singola corona di girali di foglie d'acanto, con venature profonde ed incisioni realizzate a trapano. Nella parte superiore si conservano tracce delle volute ed i girali in bassorilievo, sormontati da piccoli fiori d'abaco sporgenti.",
20,,2020/07/29,349175,,,cecconi-349175,16,124,0,2,,108,,27,28,-300,-150,199,Tecnica non presente in lista,8,"Capitello di pilastro d'ordine corinzio-tarantino. Presenta una modanatura di base decorata con foglie acantine generate da boccioli ovoidi. La parte superiore conserva solo gli attacchi delle volute, al centro delle quali sono rappresentati: ai lati palmette; al centro un fiore d'abaco sporgente. La cornice superiore dell'abaco è decorata con un motivo di ovoli e dardi. La parte retrostante presente una superficie piatta originariamente connessa al pilastro.",
21,,2020/07/29,349174,,,cecconi-349174,16,124,0,2,,108,,27,28,-300,-150,199,Tecnica non presente in lista,8,"Capitello di pilastro d'ordine corinzio-tarantino. Presenta una modanatura di base decorata con foglie acantine generate da boccioli ovoidi. La parte superiore conserva solo gli attacchi delle volute, al centro delle quali sono rappresentati: ai lati palmette; al centro un fiore d'abaco sporgente. La cornice superiore dell'abaco è decorata con un motivo di ovoli e dardi. La parte retrostante presente una superficie piatta originariamente connessa al pilastro.",
22,,2020/07/23,349084,17455,,cecconi-349084,16,124,1,5,,108,,27,28,-300,-150,199,Tecnica non presente in lista,8,"Capitello d'ordine corinzio-tarantino figurato. è costituito da una modanatura di base su cui s'impostano due girali di corone fitomorfe: quello inferiore, assai mal conservato, con foglie generate da boccioli ovoidi; quello superiore da coppie di larghe foglie di acanto alternate a coppie di rosette a otto petali. Le rosette sono sormontate su un lato da una doppia sfinge su arcosolio e su due lati da geni alati di profilo, colti nell'atto di scagliare una lancia. Il lato opposto alla doppia sfinge, presenta un elemento sporgente liscio a sezione rettangolare, forse originariamente connesso ad un supporto architettonico. é conservata la parte superiore dell'abaco, decorata con un fregio a dentelli. La superficie superiore presenta un incasso a sezione rettangolare, volto ad ospitare un elemento metallico.",
23,,2020/07/22,349074,33289,,cecconi-349074,30,218,1,5,,108,,27,28,-300,-200,45,Tecnica non presente in lista,8,"Coronamento piano di edicola appartenente ad un monumento funerario. Sono ben conservati il fregio a dentelli ed un lacunario decorato con una losanga con folgore iscritta, bordata sui quattro lati da rosette costituite da petali e foglie fusiformi alternati.",
24,,2020/07/22,349075,33291,,cecconi-349075,30,218,1,5,,108,,27,28,-300,-200,45,Tecnica non presente in lista,8,"Coronamento piano di edicola, appartenente ad un monumento funerario. Sono ben conservati il fregio a dentelli e tre piccoli lacunari. Quello centrale e quello a sinistra sono campiti con una rosetta con quattro petali forati e quattro foglie fusiformi. Quello a destra è campito con una rosetta costituita da foglie fusiformi e quattro petali con la parte centrale e rilievo.",
25,,2020/07/22,345093,33308,,cecconi-345093,16,122,1,5,,108,,27,28,-300,-200,45,Tecnica non presente in lista,8,"Trabeazione angolare, appartenente ad un monumento funerario, costituita da un fregio dorico, con quattro triglifi e tre metope lisce, sormontato da un geison modanato e con alta fascia superiore, decorata con fila di dentelli conservati sullla parte sinistra del manufatto.",
26,,2020/07/22,349066,33318,,cecconi-349066,16,131,1,5,,108,,27,28,-350,-200,86,Tecnica non presente in lista,8,"Frontone di un'edicola funeraria. La trabeazione, rivestita di stucco bianco è costituita da un basso architrave, fregio a fascia senza senza decorazione e cornice priva di orpelli decorativi. Del frontone è conservata la sima a fasce e parte del geison, rivestiti di stucco bianco, ed anche il timpano, campito con un pigmento di colore rosso scuro. Il tetto è a doppio spiovente. Presenta protuberanze agli angoli e sul vertice della sima, le quali, originariamente, ospitavano le decorazioni acroteriali. Al centro del tetto è presente un profondo incasso a sezione rettangolare.",
27,,2020/07/22,349067,33320,,cecconi-349067,16,131,1,5,,108,,27,28,-350,-200,45,Tecnica non presente in lista,8,"Frontone di un'edicola funeraria. Si conserva, quasi integralmente, la trabeazione rivestita di stucco bianco. Il manufatto è costituito da un basso architrave, fregio a fascia senza senza decorazione e cornice priva di orpelli decorativi. Del frontone si conserva la sima a fasce ed il geison, rivestiti di stucco bianco, ed anche il timpano, campito con un pigmento di colore azzurro. Il tetto è a doppio spiovente: presenta protuberanze informi agli angoli, originariamente ospitanti gli acroteri. Al centro del tetto è visibile un profondo incasso a sezione rettangolare.",
28,,2020/07/22,349071,33330,,cecconi-349071,66,929,1,5,,108,,27,28,-350,-200,45,Tecnica non presente in lista,8,"Frontone di un'edicola funeraria. Si conserva, quasi integralmente, la trabeazione rivestita di stucco bianco. Il manufatto è costituito da un basso architrave, fregio a fascia senza senza decorazione e cornice priva di orpelli decorativi. Del frontone si conserva la sima a fasce ed il geison, rivestiti di stucco bianco, ed anche il timpano, campito con un pigmento di colore azzurro. Il tetto è a doppio spiovente: presenta protuberanze informi agli angoli, originariamente ospitanti gli acroteri. Al centro del tetto è visibile un profondo incasso a sezione rettangolare.",
29,,2020/07/22,349078,33349,,cecconi-349078,16,130,1,5,,108,,27,28,-350,-200,45,Tecnica non presente in lista,8,Elemento di fregio di un monumento funerario. Si conserva una fascia decorata con una composizione geometrizzata di palmette e gigli ramificati ed alternati.,
30,,2020/07/22,349068,33355,,cecconi-349068,16,131,1,5,,108,,27,28,-350,-200,199,Tecnica non presente in lista,8,"Frontone di stele ad edicola. Si conservano parte degli spioventi del timpano (sima), decorati con palmette ed altri elementi fitomorfi. è conservato quasi integralmente anche il geison, decorato con una cornice ad ovoli, al di sotto della quale è collegato un fregio a dentelli regolarmente spaziati.",
31,,2020/07/22,349077,33368,,cecconi-349077,16,130,1,5,,108,,27,28,-350,-200,45,Tecnica non presente in lista,8,Fregio frammentario di un monumento funerario. Si conserva una fascia superiore piatta priva di ornamento ed una fascia inferiore decorata con una composizione geometrizzata di palmette e gigli ramificati alternati.,
32,,2020/07/22,349073,33370,,cecconi-349073,16,130,1,5,,108,,27,28,-350,-200,199,Tecnica non presente in lista,8,"Elemento di trabeazione appartenente ad un monumento funerario. La parte inferiore è costituita da una coppia di larghi dentelli il cui spazio, simile ad un incasso, è decorato con un motivo ad onde correnti. La faccia superiore dell'incasso è decorata con un elemento fitomorfo inciso. La trabeazione è decorata con un fregio a due fasce. La parte inferiore è decorata con una composizione di foglie d'acqua. La parte superiore è decorata con una composizione di cespi vegetali e rosette ad otto petali alternati.",
33,,2020/07/22,345094,33394,,cecconi-345094,66,920,1,5,,108,,27,28,-300,-200,45,Tecnica non presente in lista,8,"Basamento di monumento funerario. Si conserva il blocco di un podio coronato da una trabeazione, costituita da alto architrave piatto a da un fregio in ordine dorico con coppia di triglifi e metopa liscia.",
34,,2020/07/22,349072,33431,,cecconi-349072,65,918,1,5,,108,,27,28,-350,-200,45,Tecnica non presente in lista,8,"Parete di monumento funerario ad edicola. è conservata una delle ante con semicolonna rudentata, con nove scanalature e con tracce di intonaco bianco. La semicolonna definisce una specchiatura orizzontale, campita con un pigmento di colore rosso, inquadrata da una cornice modanata e rivestita di stucco bianco.",scavo 1938
35,,2020/07/22,349064,33433,,cecconi-349064,65,918,1,5,,108,,27,28,-300,-200,45,Tecnica non presente in lista,8,"Parete frammentaria di edicola funeraria. Sommità mancante. Si conserva la parte inferiore e due semicolonne laterali con tracce di stucco bianco, rudentate e con nove scanalature, che incorniciano una specchiatura riquadrata da una fascia interna, modanata e a rilievo, e da una fascia esterna decorata con pigmento di colore rosso.",
36,,2020/07/22,349065,33434,,cecconi-349065,65,918,1,5,,108,,27,28,-300,-200,45,Tecnica non presente in lista,8,"Parete frammentaria di edicola funeraria. Sommità mancante. Si conserva la parte inferiore e due semicolonne laterali, rivestite con stucco bianco, rudentate e con nove scanalature, che incorniciano una specchiatura, campita con un pigmento di colore rosso, bordata, su tre lati, da una cornice modanata a rilievo.",
37,,2020/07/22,349076,33440,,cecconi-349076,20,170,1,5,,108,,27,28,-300,-200,45,Tecnica non presente in lista,1,"Lastra di base di un monumento funerario. Si conserva la parte superiore decorata con una coppia, ben distanziata, di regulae e gocce, forse volte a sostenere una fregio d'ordine dorico. Il pannello centrale presenta, sul fondo, una decorazione a rilievo con onde correnti orientate a sinistra.",
38,,2020/07/22,349069,33441,,cecconi-349069,16,122,1,5,,108,,27,28,-300,-200,199,Tecnica non presente in lista,8,"Trabeazione di edicola funeraria con possente architrave e parte del fregio d'ordine dorico, cui si conservano cinque metope e cinque triglifi.",
39,,2020/07/23,349080,33598,,cecconi-349080,16,124,1,5,,108,,27,28,-300,-150,199,Tecnica non presente in lista,8,"Capitello d'ordine corinzio-tarantino figurato. è costituito da una modanatura di base sormontata da una corona di girali di foglie d'acanto su cui s'impostano le volute, delle quali solo una è ben conservata. Uno dei lati è decorato con una sirena stante del Tipo trauernden (in lutto), colta in posa riflessiva. Il lato opposto è eraso e manca la decorazione. gli altri due lati sono ornati fiori d'abaco. L'abaco presenta una sottile cornice decorata con un motivo di ovoli e dardi (kyma ionico). La superficie superiore presenta un incavo profondo a sezione quadrata, volto ad ospitare un elemento metallico.",
40,,2020/07/23,349079,33607,,cecconi-349079,16,124,1,5,,108,,27,28,-300,-150,199,Tecnica non presente in lista,8,"Capitello d'ordine corinzio-tarantino figurato. è costituito da una modanatura di base, su cui s'impostano due corone di girali fitomorfi: quella inferiore con foglie acantine generate da boccioli ovoidi; quella superiore da coppie di rami di palma. La parte superiore conserva solo gli attacchi delle volute. Uno dei lati è decorato con una doppia sfinge coronata, mentre il lato opposto presenta un elemento sporgente liscio a sezione rettangolare, forse originariamente connesso ad un supporto architettonico. Gli altri due lati sono decorati da palmette. La superficie superiore presenta un incavo profondo a sezione quadrata, volto ad ospitare un elemento metallico.",
41,,2020/07/23,349087,33608,,cecconi-349087,16,124,1,5,,108,,27,28,-300,-150,199,Tecnica non presente in lista,8,"Capitello d'ordine corinzio-tarantino figurato. è costituito da una modanatura di base sormontata da una corona di foglie d'acanto su si impostano le volute. Di queste solo una è ben conservata. Uno dei lati è decorato con una sirena stante, mal conservata, ma riferibile al Tipo trauernden (in lutto). Gli altri tre lati sono ornati con ampie palmette. L'abaco è decorato con una sottile composizione di fregi: uno a dentelli ed uno di ovoli e dardi (kyma ionico). La superficie presenta superiore un incavo profondo a sezione quadrata, volto ad ospitare un elemento metallico.",
42,,2020/07/23,349086,33609,,cecconi-349086,16,124,1,5,,108,,27,28,-300,-150,199,Tecnica non presente in lista,8,"Capitello d'ordine corinzio-tarantino figurato. è costituito da una modanatura di base su cui si impostano due girali di corone fitomorfe: quello inferiore con foglie acantine generate da boccioli ovoidi; quello superiore da coppie di rami di palma alternate a larghe foglie di acanto. Uno dei lati è assai mal conservato sono presenti solo tracce di volute. Un lato raffigura una palmetta ed un altro lato una genio antropomorfo, barbato, alato e con parte terminale vegetalizzata. Uno dei lati presenta, invece, un elemento sporgente liscio a sezione rettangolare, forse originariamente connesso ad un supporto architettonico. Sono conservate tracce della parte superiore dell'abaco, decorato con un fregio a dentelli. La superficie superiore presenta un incasso a sezione rettangolare, volto ad ospitare un elemento metallico.",
43,,2020/07/23,349083,33688,,cecconi-349083,16,124,1,5,,108,,27,28,-300,-150,199,Tecnica non presente in lista,8,"Capitello d'ordine corinzio-tarantino figurato. è costituito da una modanatura di base su cui si impostano due girali di corone fitomorfe: quello inferiore con foglie acantine generate da boccioli ovoidi; quello superiore da coppie di rami di palma, su cui s'impostano le volute, di cui si conservano solo gli attacchi. Uno dei lati è decorato con il noto gruppo del ""Ratto di Ganimede"" in cui il giovane accovacciato è catturato da Zeus sotto forma di aquila. Del rapace si conservano le ali e gli artigli. Il lato opposto presenta un elemento sporgente liscio a sezione rettangolare, forse originariamente connesso ad un supporto architettonico. Gli altri due lati sono decorati da palmette. La superficie superiore presenta un incavo profondo a sezione quadrata, volto ad ospitare un elemento metallico.",
44,,2020/07/23,349085,51370,,cecconi-349085,16,124,1,5,,108,,27,28,-300,-150,199,Tecnica non presente in lista,8,"Capitello d'ordine corinzio-tarantino figurato. è costituito da una modanatura di base su cui si impostano due girali di corone fitomorfe: quello inferiore con foglie acantine generate da boccioli ovoidi; quello superiore da coppie di rami di palma. La parte superiore conserva solo gli attacchi delle volute. Uno dei lati è decorato con una doppia sfinge coronata, mentre il lato opposto presenta un elemento sporgente liscio a sezione rettangolare, forse originariamente connesso ad un supporto architettonico. Gli altri due lati sono decorati da palmette decorate alla base da una coppia di rosette a quattro petali. La superficie superiore presenta un incasso a sezione quadrata, volto ad ospitare un elemento metallico.",
45,,2020/07/23,349081,51374,,cecconi-349081,16,124,1,5,,108,,27,28,-300,-150,199,Tecnica non presente in lista,8,"Capitello d'ordine corinzio-tarantino figurato. è costituito da una modanatura di base su cui si impostano due girali di corone fitomorfe: quello inferiore con foglie acantine generate da boccioli ovoidi; quello superiore da coppie di rami di palma. La parte superiore conserva solo gli attacchi delle volute. Uno dei lati è decorato con una doppia sfinge assai mal conservata, mentre il lato opposto presenta un elemento sporgente liscio a sezione rettangolare, forse originariamente connesso ad un supporto architettonico. Gli altri due lati sono decorati da palmette. La superficie superiore presenta un incavo profondo a sezione quadrata, volto ad ospitare un elemento metallico.",
46,,2020/07/22,349070,123315,,cecconi-349070,30,218,1,5,,108,,27,28,-350,-200,45,Tecnica non presente in lista,8,"Coronamento di edicola funeraria. Si conservano due lacunari frammentari. Il lacunario maggiore è decorato con una rosetta circondata da una corona di petali, alternati a petali affusolati. Il lacunario minore è decorato con una rosetta a sei petali.",
47,,2020/07/23,349082,,,cecconi-349082,16,124,1,5,,108,,27,28,-300,-150,199,Tecnica non presente in lista,8,"Capitello d'ordine corinzio-tarantino figurato. è costituito da una modanatura di base su cui si impostano due girali di corone fitomorfe: quello inferiore con foglie acantine generate da boccioli ovoidi; quello superiore da coppie di rami di palma. La parte superiore conserva solo gli attacchi delle volute. Uno dei lati è decorato con una doppia sfinge coronata, mentre il lato opposto presenta un elemento sporgente liscio a sezione rettangolare, forse originariamente connesso ad un supporto architettonico. Gli altri due lati sono decorati da palmette impostate su una coppia di rosette a quattro petali. Si conserva parte superiore dell'abaco decorata con un fregio a dentelli. La superficie superiore presenta un incasso a sezione circolare colmato di cemento in cui è inserito un tubo di ferro.",
48,,2020/07/23,349088,,,cecconi-349088,16,124,1,5,,108,,27,28,-300,-150,199,Tecnica non presente in lista,8,"Capitello d'ordine corinzio-tarantino figurato. è costituito da una modanatura di base su cui si impostano due gialli di corone fitomorfe: quello inferiore con foglie acantine generate da boccioli ovoidi; quello superiore da coppie di rami di palma. La parte superiore conserva solo gli attacchi delle volute. Uno dei lati è decorato con una doppia sfinge coronata, mentre il lato opposto presenta un elemento sporgente liscio a sezione rettangolare, forse originariamente connesso ad un supporto architettonico. Gli altri due lati sono decorati da palmette decorate alla base da una coppia di rosette a quattro petali. La superficie superiore presenta un incasso a sezione rettangolare, volto ad ospitare un elemento metallico. .",
49,,2020/07/28,349158,6159,,cecconi-349158,16,124,1,9,,108,Ospedale militare,27,28,-299,-101,45,Tecnica non presente in lista,1,"Capitello di colonna votiva con alto kalathos a foglie d'acqua, su un capitello d'ordine corinzio tarantino, con busti di figure divine. Sulla parte inferiore un fregio figurato di bucrani e tenie.",scavo 1900
50,,2020/07/28,349150,33311,,cecconi-349150,59,860,1,9,,108,,26,27,-399,-200,45,Tecnica non presente in lista,1,"Segnacolo funerario conformato a pilastro con fregio dorico su cui poggia una cassetta conformata a sarcofago con coperchio a doppio spiovente. Sui lati della cassetta sono presenti coppie di fori a sezione quadrata, regolarmente distanziati, volti ad ospitare, originariamente, elementi d'arredo metallici.",
51,,2020/07/28,349152,33365,,cecconi-349152,59,860,1,9,,108,,26,27,-399,-200,45,Tecnica non presente in lista,1,"Segnacolo funerario, con base sagomata, su cui poggia una cassetta in forma di sarcofago con tetto a doppio spiovente e fregio a dentelli. Sui lati della cassetta sono presenti incavi a sezione rettangolare allungata.",
52,,2020/07/28,349149,33393,,cecconi-349149,66,929,1,9,,108,Via C. Battistini/Via E. Giusti,26,26,-350,-300,45,Tecnica non presente in lista,8,Stele funeraria frammentaria con decorazione raffigurante una bassa trapeza a bassorilievo su cui poggia un cratere a volute frammentario ad altorilievo. Sono presenti evidenti tracce di scalfitura da piccone.,scavo 1957
53,,2020/07/28,349153,33398,,cecconi-349153,66,929,1,9,,108,,26,27,-399,-200,45,Tecnica non presente in lista,8,Segnacolo funerario conformato a cratere a volute con corpo ovoide. Si conserva parte di una delle anse e sono altresì visibili tracce della copertura conformata a coperchio conico con pareti inflesse. Ampiamente visibili anche abrasioni e scalfiture.,
54,,2020/07/28,349151,33414,,cecconi-349151,59,860,1,9,,108,,26,27,-399,-200,45,Tecnica non presente in lista,1,"Segnacolo funerario, conformato a trapeza, sulla cui parte sommitale sono presenti due dischi a rilievo volti alla deposizione di offerte funerarie. Sul prospetto principale è presente un fregio piatto con al centro una figura a rilievo erasa.",
55,,2020/07/28,349154,37041,,cecconi-349154,20,170,1,9,,108,Area imprecisabile del Borgo,27,28,-225,-175,111,Tecnica non presente in lista,1,Lastra marmorea con iscrizione votiva alla dea Atena. L'iscrizione in lingua greca recita: Αθάναι Λέον Επικόρω καί ά γυνά Γλαύκα.,scavo ante 1894
56,,2020/07/28,349156,37043,,cecconi-349156,66,921,1,9,,108,Area imprecisabile del Borgo,28,28,-199,-101,107,Tecnica non presente in lista,8,Frammento di base marmorea con iscrizione votiva in lingua greca di un prytanis (magistrato) agli dei. L'iscrizione recita: [---]ού Ρομαίος [---Ά]ντιγόνο [---]πρυτανεύσαντα Θεοίς.,scavo ante 1894
57,,2020/07/28,349157,37142,,cecconi-349157,66,929,1,9,,108,Piazza d'Armi,30,30,1,99,45,Tecnica non presente in lista,8,"Stele funeraria con iscrizione sepolcrale di un sacerdote di Giove, L'iscrizione recita: D(iis) M(anibus) D(ecimus) Lucretius Phasis sacerdos Iov[i]s v(ixit) a(nnis) LXVII h(ic) s(itus) e(st) [--- bene] [merenti posuit]. l'Iscrizione, nella parte bassa, è erasa.",scavo 1901
58,,2020/07/28,349155,37252,,cecconi-349155,7,64,1,9,,108,,29,29,-99,-1,45,Tecnica non presente in lista,1,Altare di piccole dimensioni (arula) con base e sommità modanate. Lo specchio epigrafico contiene un'iscrizione dedicata a Nettuno dal custode del tempio. L'iscrizione recita: L(ucius) Rusticelius C(ai) Q(uintili) [l(ibertus)] aed(ituus) Neptuno sac(ravit).,
59,,2020/07/23,345132,37075,,cecconi-345132,20,170,1,10,,108,,30,30,1,99,107,Tecnica non presente in lista,8,"Capitello d'ordine corinzio-tarantino figurato. è costituito da una modanatura di base, su cui s'impostano due corone di girali fitomorfi: quella inferiore con foglie acantine generate da boccioli ovoidi; quella superiore da coppie di rami di palma. La parte superiore conserva solo gli attacchi delle volute. Uno dei lati è decorato con una doppia sfinge coronata, mentre il lato opposto presenta un elemento sporgente liscio a sezione rettangolare, forse originariamente connesso ad un supporto architettonico. Gli altri due lati sono decorati da palmette. La superficie superiore presenta un incavo profondo a sezione quadrata, volto ad ospitare un elemento metallico.",
60,,2020/07/23,345145,37210,,cecconi-345145,16,122,1,10,,108,Via F. Dia Palama/Via V. Pupino,29,29,-99,-1,45,Tecnica non presente in lista,8,Architrave frammentario pertinente ad un monumento pubblico. Si conserva una fascia inferiore modanata ed una ampia fascia piatta superiore iscritta con il nome di un magistrato cittadino: [---] Nigr[o---)].,scavo 1890
61,,2020/07/23,345146,37211,A/B,cecconi-345146,16,122,1,10,,108,Via F. Dia Palama/Via V. Pupino,29,29,-100,-1,45,Tecnica non presente in lista,4,"Architrave frammentario pertinente ad un edificio pubblico. è composto da due frammenti e presenta una doppia modanatura, superiore ed inferiore, inquadrante una larga fascia piana recante l'iscrizione: fr.1) P. Epidio P. f(ilio) M[---]; fr.2) (---) Capit[---]. Traduzione: A Publius Epidius, figlio di Publius M[---].",scavo 1890
62,,2020/07/23,345148,37254,,cecconi-345148,16,122,1,10,,108,Podere del Conte d'Ayala Valvà,29,29,-50,-1,45,Tecnica non presente in lista,8,"Trabeazione architettonica suddivisa in tre fasce. Quella inferiore piatta e liscia. Quella centrale e superiore recano parte di un'iscrizione recitante: Linea 1: (--- et ---)s, L(uci) f(ilius). II vi(r---) Linea 2: (faciendum curaver)e iidemq(ue probavere ---).","scavo G. Patroni, 1896"
63,,2020/07/23,345151,37267,,cecconi-345151,20,170,1,10,,108,Arsenale militare,30,30,1,99,107,Tecnica non presente in lista,8,Lastra di marmo con iscrizione pubblica dedicatoria. Il supporto presenta un profilo modanato con tre scanalature. L'iscrizione recita: [---]ter[---] [municipes (?)] et incola(ae) [pub]lice---.. Traduzione: i concittadini e gli abitanti a spese della collettività.,"scavo L. Viola, 1894"
64,,2020/07/24,345152,37281,,cecconi-345152,20,170,1,10,,108,,30,30,4,14,103,Tecnica non presente in lista,8,"Lastra di marmo con dedica ad Agrippa Postumo, figlio adottivo di Augusto. L'iscrizione recita: Agrippae Iulio [A]u[gu]sti f(ilio), Cae[sari]. Traduzione: A Giulio Agrippa, Cesare, figlio di Augusto.",
65,,2020/07/24,345154,37301,,cecconi-345154,20,170,1,10,,108,Nelle vicinanze dell'arsenale marittimo,30,30,4,14,107,Tecnica non presente in lista,8,"Lastra marmorea con cornice modanata riquadrante una specchiatura con iscrizione dedicata ad Agrippa Postumo, figlio adottivo di Augusto. L'iscrizione recita: [Agri]pae Iulio [Augusti f(ilio, C]aesari. Traduzione: A Giulio Agrippa, Cesare, figlio di Augusto.","scavo L. Viola, 1894"
66,,2020/07/23,345155,37302,,cecconi-345155,20,170,1,10,,108,,30,30,51,99,107,Tecnica non presente in lista,8,"Lastra di marmo con iscrizione menzionante C- Iulius Caesar, figlio di Caius, forse riferibile ad Ottaviano, patrono di Taranto nel 43 a.C. o a Giulio Cesare dittatore nel 44 a.C. L'iscrizione può essere integrata in due modi: 1) C. Iulio C. [f. Cae]sare pat[rono] imperato[re Illviro] rei public[ae con][stit]uendae [---]; 2) C. Iulio C. [f. Cae]sare pat[re patr(iae)] imperato[re dict(atore)] rei public[ae con][stit]uendae [---]. Traduzione: C. Iulio C. Caesare patre patriae, imperatore dictatore rei publicae constituendae [---].",
67,,2020/07/24,349089,51379,,cecconi-349089,21,176,1,10,,108,Via F. Cavallotti/Via C. Nitti,28,29,-150,-1,165,Tecnica non presente in lista,1,"Mosaico in tessellato policromo, originariamente pertinente ad una soglia d'accesso di un grande ambiente pavimentato in tessellato bianco. Presenta una composizione costituita da una svastica centrale e due quadrati laterali con effetto prospettico-tridimensionale. Le tessere sono di colore bianco, giallo, arancio, rosso, azzurro, verde e viola.",scavo 1909
68,,2020/07/24,349090,51380,,cecconi-349090,21,176,1,10,,108,"G. Mastrocinque, Tranto. Il paesaggio urbano di età romana tra persistenza e innovazione, Napoli 2010, p. 159.",28,28,-199,-100,165,Tecnica non presente in lista,2,"Mosaico in tessellato irregolare policromo con impaginazione a pseudo-emblema. La cornice, dall'esterno verso l'interno, è costituita da una larga fascia rossa; da una composizione di onde correnti, semplici, rosse su fondo bianco; da una fascia bianca, da una sottile linea mono-tessellata di colore rosso; da una fascia bianca. Il pannello centrale, parzialmente conservato, è su fondo blu, ed è composto da un rosone centrale, costituito da foglie acantine e lanceolate policrome alternate e circondate da un disco di tessere policrome, inscritto in una losanga decorata con fasce policrome. Le punte della losanga sono tangenti al bordo della fascia con onde correnti. Lo spazio di risulta tra il pannello rettangolare e losanga è campito da un mostro marino (pistrice) di colore verde e rosso.",scavo 1940
69,,2020/07/24,349091,51803,,cecconi-349091,21,176,1,10,,108,Via G. Mazzini,28,28,-199,-101,165,Tecnica non presente in lista,8,"Pavimento musivo, con impaginazione a pseudo-emblema, costituito da un ampio campo, solo parzialmente conservato, di scaglie litiche e frammenti ceramici allettati su malta cementizia (cocciopesto). La superficie è decorata con un punteggiato di rosette composte da tessere bianche e nere. Il pavimento è caratterizzato da un ampio pannello rettangolare bicromo (bianco-nero), posto originariamente al centro. La cornice è costituita (dall'esterno verso l'interno) da una fascia nera; da una composizione di onde correnti semplici nere su fondo bianco; da una fascia grigia. Al centro del pannello è raffigurato un sottile disco bianco in cui è iscritto un rosone bianco su fondo scuro con dodici petali affusolati. Gli angoli di risulta tra il pannello rettangolare e il disco sono campiti da copie di delfini disposti in modo araldico di fronte ad una palmetta. Le componenti bianche del pannello sono realizzate mediante l'impiego di tessere parallelepipedi; le componenti nere sono realizzate sia con tessere parallelepipedi sia con ciottoli di mare.",scavo 1994
70,,2020/07/23,345163,118122,,cecconi-345163,20,170,1,10,,108,"Via C. Nitti, 35",29,30,42,14,103,Tecnica non presente in lista,8,"Lastra di marmo recante un'iscrizione menzionante Augusto. L'iscrizione recita: Imp(erator) Caesar, D[ivi f(ilius), [---]. Traduzione: Cesare (Augusto), imperatore, figlio del divo Cesare, [---].",scavo 1960
71,,2020/07/27,345560,37383,A,cecconi-345560,30,218,1,11,,108,Dalla Chiesa del Convento di S. Antonio,29,29,-25,-1,107,Tecnica non presente in lista,1,"Coronamento di un una struttura monumentale (presumibilmente un’edicola o un altare). Il coronamento presenta le cornici superiori curve. Eleganti modanature lo decorano su tre lati. La base d’appoggio si presenta concava. Dal basso verso l’alto la cornice inferiore è costituita da un listello, un cavetto, un kyma ionico formato da ovuli di maggiori dimensioni, intervallati da palmette e ovuli più piccoli, segue un ulteriore cavetto seguito da un altro kyma ionico di dimensioni minori (ovuli intervallati da lancette), un listello e baccellature con lunette nella parte inferiore.La serie di baccellature termina verso l’esterno con un motivo a spirale sormontato da palmette. Baccellature e una serie di foglie semiovali con foro ogivale decorano la cornice superiore.Della parte centrale della decorazione rimangono due pulvini con spirali sulla fronte, affiancati da semi palmette. La lastra è circondata da una cornice, costituita da un listello e da una gola rovescia. Sul prospetto è presente una tabella iscritta, in marmo bianco, che commemora la costruzione del monumento per conto e a spese di Cn. Nearchus Nepos Fabianus
L'iscrizione recita: Cn. Nearchus Nepos Fabianus d(e) s(uo) p(osuit). Traduzione: Cn. Nearchus Nepos Fabianus pose a sue spese.",scavo 1880
72,,2020/07/27,345564,37383,B,cecconi-345564,66,921,1,11,,108,Dalla Chiesa del Convento di S. Antonio,29,29,-25,-1,107,Tecnica non presente in lista,1,"Base pianta rettangolare di un una struttura monumentale (presumibilmente un’edicola o un altare) con lieve sporgenza sulla prospetto. La base, dal basso verso l'alto, è così composta: 1) base arrotondata decorata con composizione di squame adiacenti; 2) coppia di gradini listellati; 3) base a cima reversa decorata da una doppia teoria di palmette sormontate da teoria di fiori a calice; 4) cornice decorata con teoria di ovuli; 5) gradino listellato. La superficie è caratterizzata da due fori a sezione quadrata sulla parte centrale e da incassi perimetrali, volti all'inserimento di una serie di elementi, originariamente soprastanti, non conservati.",scavo 1880
73,,2020/07/28,345548,4999,,cecconi-345548,31,227,1,11,35,108,Borgo,31,31,101,199,107,Tecnica non presente in lista,8,"Frammento di trapezoforo, del quale si conserva solo la parte sommitale conformata a busto di Dioniso, barbato e con il capo cinto da una corona di corimbi.",scavo 1914
74,,2020/07/28,349159,6162,,cecconi-349159,15,120,1,11,35,108,Via Gorizia,28,28,-199,-101,45,Tecnica non presente in lista,1,"Scultura raffigurante un uomo possente, nudo e barbato, riferibile ad un telamone, originariamente impiegato come sostegno architettonico, forse di un edificio pubblico (teatro?).",scavo 1911
75,,2020/07/28,349164,37361,,cecconi-349164,31,227,1,11,35,108,,30,30,1,99,107,Tecnica non presente in lista,1,"Trapezoforo conformato ad Erma raffigurante Dioniso. Il volto del dio è imberbe e mitrephoros, ovvero cinto sulla fronte da una tenia e da una corona di corimbi. Sulla parte frontale rimane l'impronta del fallo originariamente a rilievo, sulla parte retrostante,invece, è conservato il puntello di aggancio alla trapeza. Ai lati sono presenti ulteriori fessure di aggancio a sezione rettangolare.",
76,,2020/07/28,349162,37362,,cecconi-349162,66,932,1,11,35,108,,30,31,1,199,32,Tecnica non presente in lista,8,Frammento di trapezoforo in marmo conformato a testa leonina a fauci spalancate e corta criniera. Al di sopra della testa è presente un pilastrino a sezione quadrangolare e con sommità modanata. Il manufatto originariamente apparteneva ad un tavolo rotondo sostenuto da tre zampe leonine (delphica).,
77,,2020/07/28,349160,37363,,cecconi-349160,66,932,1,11,35,108,,30,30,51,99,107,Tecnica non presente in lista,8,"Frammento di trapezoforo in marmo a testa di pantera, che fuoriesce da un cespo di acanto parzialmente conservato.",
78,,2020/07/28,349161,37364,,cecconi-349161,66,932,1,11,35,108,,30,30,1,99,107,Tecnica non presente in lista,8,"Frammento di trapezoforo in marmo a testa leone, con rigogliosa criniera e fauci spalancate, che fuoriesce da un cespo di acanto, del quale si conserva anche l'ampia voluta fitomorfa.",
79,,2020/07/24,345089,12942,,cecconi-345089,27,212,1,12,,108,,30,31,1,190,86,Tecnica non presente in lista,8,"Frammento d'intonaco dipinto, costituito da uno spesso strato di preparazione e da un sottile strato superificiale di colore rosso, su cui, in bianco, è raffigurato un motivo a candelabro composto da tralci floreali, racemi foliati e da un kantharos con coperchio.",
80,,2020/07/24,345090,12943,,cecconi-345090,27,212,1,12,,108,,30,31,1,190,86,Tecnica non presente in lista,8,"Frammento d'intonaco dipinto, costituito da uno spesso strato di preparazione e da un sottile strato superficiale di colore rosso, su cui è raffigurata, in bianco, una donna panneggiata di prospetto, tra racemi foliati, colta nell'atto di sorreggere, a braccia aperte, un ampio cerchio appena visibile.",
81,,2020/07/24,345091,12944,,cecconi-345091,65,919,1,12,,108,,30,31,1,190,248,Tecnica non presente in lista,8,"Frammento di stucco parietale bianco, raffigurante il busto di una nereide nuda, colta nell'atto di cavalcare un mostro marino pisciforme",
82,,2020/07/24,345092,12945,,cecconi-345092,15,107,1,12,,108,,30,31,1,190,86,Tecnica non presente in lista,8,"Frammento di cornice modanata d'intonaco bianco, decorata con una composizione di meandri verdi e rossi.",
83,,2020/07/28,349168,34773,,cecconi-349168,43,499,1,12,,108,,29,29,-99,-1,107,Tecnica non presente in lista,8,"Frammento di cratere neoattico marmoreo. La parte inferiore è decorata con foglie di acanto e racemi stilizzati alternati, Sul corpo, sopra una fascia decorata con motivo a treccia a due capi, è raffigurata una scena dionisiaca. Sono riconoscibili: un giovane nudo con mantello (himation) sulle spalle ed oggetto nella mano destra; una figura femminile, forse una menade, vestita con chitone drappeggiato e svolazzante, che sorregge nelle mani un brandello di cervide dilaniato; un altro personaggio maschile, che muove verso la figura femminile, seminudo, di cui si conserva la gamba destra.",
84,,2020/07/28,345551,37365,,cecconi-345551,66,924,1,12,,108,,30,31,1,199,107,Tecnica non presente in lista,1,"Labrum a base piatta, con vasca liscia e orlo scanalato, leggermente estroflesso.",
85,,2020/07/28,345552,37366,,cecconi-345552,66,934,1,12,,108,,30,31,1,199,103,Tecnica non presente in lista,1,"Vasca marmorea costituita da bassi piedi scanalati e parte sommitale modanata con ampio e orlo arrotondato. All'interno della vasca sono presenti alcuni fori circolari, probabilmente riferibile ad azioni di reimpiego.",
86,,2020/07/28,345553,37367,,cecconi-345553,66,924,1,12,,108,,30,31,1,199,107,Tecnica non presente in lista,4,"Labrum a base piatta, con vasca liscia e orlo inciso e leggermente estroflesso. Si conserva, all'altezza dell'orlo, la traccia di una grappa metallica, inserita durante una operazione di restauro, forse antico.",
87,,2020/07/28,345554,37368,,cecconi-345554,66,934,1,12,,108,,30,31,1,199,107,Tecnica non presente in lista,4,Vasca marmorea costituita da bassi piedi scanalati e parte sommitale modanata con ampio e orlo arrotondato.,
88,,2020/07/28,345555,37369,,cecconi-345555,66,924,1,12,,108,,30,31,1,199,32,Tecnica non presente in lista,4,"Labrum a base piatta, con vasca liscia e orlo inciso e leggermente estroflesso.",
89,,2020/07/28,345556,37371,,cecconi-345556,66,924,1,12,,108,,30,31,1,199,107,Tecnica non presente in lista,8,"Labrum con basso piede modanato e strombato; vasca baccellata; orlo molto estroflesso, anch'esso decorato con baccellature. è conservata una sola ansa, plasticamente conformata a delfino.",
90,,2020/07/28,345558,37378,,cecconi-345558,31,227,1,12,,108,Contrada Corti Vecchie,30,30,1,99,107,Tecnica non presente in lista,8,"Frammento di erma marmorea, forse riferibile ad un elemento decorativo del piede di piccole tavole (monopodi) o di trapezofori, dei quali costituiva il coronamento. Il volto raffigura Dioniso barbato, di prospetto, con i capelli cinti da una tenia (mitrephoros).",scavo 1917
91,,2020/07/28,345559,37379,,cecconi-345559,31,227,1,12,,108,Contrada Corti Vecchie,31,31,101,199,107,Tecnica non presente in lista,8,"Frammento di erma marmorea, su base quadrangolare, parzialmente conservata. Raffigura un volto virile barbato e con zigomi pronunciati. La parte superiore della testa non è conservata. Sulla spalla destra è presente un lembo del mantello (himation).",scavo 1917
92,,2020/07/24,349099,37401,,cecconi-349099,21,176,1,12,,108,,30,30,1,50,165,Tecnica non presente in lista,8,"Tessellato bicromo (bianco-nero). Sulla parte sinistra è conservata parte della cornice decorata con un motivo a candelabro vegetalizzato bianco su fondo nero. A destra è conservato parte del pannello centrale, costituito da una cornice di fasce bianche e nere inquadrante una composizione ortogonale di losanghe ed esagoni.",
93,,2020/07/24,349095,37402,,cecconi-349095,21,176,1,12,,108,Domus di Via G De Cesare/ Via XX settembre,29,30,-50,50,199,Tecnica non presente in lista,1,Pavimento in tessellato bianco. Al centro è inserito un emblema con cornice composta da una fascia esterna rossa in opus vermiculatum e da una fascia interna in tessellato policromo decorata con una composizione di meandri e svastiche. La cornice riquadra un pannello di formelle esagonali e triangolari marmoree su campo bianco in tessellato.,"scavo L. Viola, 1884/1894?"
94,,2020/07/24,349096,37403,,cecconi-349096,21,176,1,12,,108,Domus di Via G De Cesare/ Via XX settembre,29,30,-50,50,165,Tecnica non presente in lista,8,"Tessellato bicromo (bianco-nero), decorato con una cornice costituita da una fascia bianca; da una composizione di onde correnti semplici nere su fondo bianco; da una fascia nera, che inquadra un ampio pannello rettangolare campito con una composizione di squame delineate.","scavo L. Viola, 1894"
95,,2020/07/24,349097,37404,,cecconi-349097,21,176,1,12,,108,Domus di Via G De Cesare/ Via XX settembre,29,30,-50,50,165,Tecnica non presente in lista,8,Tessellato bicromo (bianco-nero) suddiviso in due riquadri. Quello inferiore è decorato con una composizione di clessidre bianche e nere alternate; quello superiore da una cornice composta da una fascia nera ed una bianca che inquadra una composizione di cerchi allacciati formanti fiori quadripetali neri su fondo bianco.,"scavo L. Viola, 1894"
96,,2020/07/24,349098,51378,,cecconi-349098,21,176,1,12,,108,,29,29,-50,-1,165,Tecnica non presente in lista,8,"Tessellato bicromo (bianco-nero). Sulla parte inferiore è conservata parte della cornice decorata con un motivo di meandri di svastiche a giro semplice e quadrati. Sulla parte superiore è conservato parte di un pannello costituito da una cornice di fasce bianche e nere alternate, che inquadrano un rettangolo campito da una composizione reticolata di quadrati disposti in diagonale (cancellum).",
97,,2020/07/24,349092,51804,,cecconi-349092,21,176,1,12,,108,Domus dell'Istituto Maria Immacolata,31,32,150,230,165,Tecnica non presente in lista,2,"Pavimento musivo in tessellato dell'ambiente 3 della domus. Rivestimento policromo a copertura unitaria e decorazione geometrica con impaginazione a campo omogeneo. Il bordo, conservato in minima parte, è composto da una fascia monocroma bianca. Il campo è ornato da una composizione ortogonale di meandri di svastiche a giro semplice e a doppie T, caricate da una losanga campita in rosso o in giallo. I colori delle tessere sono bianco, nero, giallo e rosso.",scavo 1898
98,,2020/07/24,349093,51805,,cecconi-349093,21,176,1,12,,108,Domus dell'Istituto Maria Immacolata,31,32,150,230,165,Tecnica non presente in lista,2,"Pavimento musivo in tessellato policromo dell'ambiente 1 della domus. La decorazione è costituita da una semplice cornice di fasce bianche e linee nere alternate, che inquadrano un reticolato decorato con treccia policroma a due capi formante sedici pannelli, campiti con nature morte ed uccelli, e quattro riquadri. 1) Quello centrale raffigura un satiro ed una ninfa/menade presso una grotta. Ai piedi dei due personaggi sono presenti un bastone pastorale (lagobolon) ed un tamburello; 2) quelli laterali rappresentano un paesaggio brullo con felini che sottomettono con la zampa le teste di cervidi; 3) quello inferiore raffigura un paesaggio roccioso al centro del quale un leone è colto nell'atto di assalire un cavallo.",scavo 1898
99,,2020/07/24,349094,51806,,cecconi-349094,21,176,1,12,,108,Domus dell'Istituto Maria Immacolata,31,32,150,230,165,Tecnica non presente in lista,8,"Pavimento musivo in tessellato policromo dell'ambiente 2 della domus. La decorazione è costituita da un elemento floreale entro ottagoni, dai quali si sviluppa una composizione di stelle di losanghe (con pelte o con losanghe colorate iscritte), che disegnano rettangoli (con folgori o delfini iscritti), rombi (con fiori quadripetali o con quadrati colorati iscritti), e ottagoni con motivo ad intreccio multiplo.",scavo 1898
100,,2020/07/24,345095,64033,,cecconi-345095,27,212,1,12,,108,Via F. Di Palma/Istituto Maria Immacolata,30,31,1,190,86,Tecnica non presente in lista,8,"Frammento d'intonaco dipinto, costituito da uno spesso strato di preparazione. La superficie è decorata da un pannello rettangolare frammentario, del quale si conserva la cornice composta da ampie fasce gialle rosse e bianche alternate, di spessori variabili, che inquadrano un motivo a candelabro vegetalizzato di colore giallo e verde.",scavo 1937
101,,2020/07/28,345562,214008,,cecconi-345562,66,924,1,12,,108,,30,31,1,199,107,Tecnica non presente in lista,8,"Labrum con base piatta e vasca con baccellature delineate e ornate sulla sommità da foglie d'edera cuoriformi. L'orlo, leggermente estroflesso, è ornato con una doppia cornice: una di perline contigue ed una di foglie ovoidi. Si conservano lacerti delle anse.",
102,,2020/07/28,349167,,,cecconi-349167,30,223,1,12,,108,,29,29,-99,-1,107,Tecnica non presente in lista,8,"Frammento di statua raffigurante una figura femminile, interpretabile o come una Ninfa o come Afrodite Anadiomene, con parte superiore nuda ed parte inferiore coperta da un panno drappeggiato (himation) annodato all'altezza del pube.",
103,,2020/07/24,349101,51807,,cecconi-349101,21,176,1,13,,108,Via Duca degli Abruzzi/Via D. Alighieri,31,31,120,190,165,Tecnica non presente in lista,1,"Pavimento musivo policromo costituito da una cornice composta da fasce bianche e nere alternate e da una treccia a due capi policroma su fondo nero. Al centro è presente un ampio pannello a scansione centralizzata con rosone inscritto all'interno di cerchi variamente decorati, ed accordati, all'esterno, da un velarium policromo, decorato con un motivo a meandri puntinati. Il velarium è circondato da racemi foliati accordati a rettangoli e losange con pelte tangenti agli angoli.",scavo 1927
104,,2020/07/24,349100,51808,,cecconi-349100,21,176,1,13,,108,Via G. Oberdan/Via Duc degli Abruzzi,31,31,120,190,165,Tecnica non presente in lista,1,"Pavimento musivo policromo costituito da una soglia d'accesso decorata con una teoria di girali foliati neri su fondo bianco. La soglia è connessa ad un pannello con impaginazione a pseudo-emblema, caratterizzata da una sottile cornice nera che inquadra un campo bianco, al centro del quale è collocato un riquadro policromo. Il riquadro è costituito da una cornice esterna, composta da fasce nere bianche e da una treccia a due capi bianca su fondo nero; da una cornice interna composta da denti di sega pelte al centro dei lati lunghi e foglie lanceolate agli angoli. Il pannello centrale figurato rappresenta una coppia di grifoni policromi, disposti in modo araldico di fronte ad un cratere.",scavo 1925
105,,2020/07/24,349102,51809,,cecconi-349102,21,176,1,13,,108,Via Anfiteatro,31,32,120,230,165,Tecnica non presente in lista,8,"Pavimento musivo in tessellato bicromo (bianco-nero) con impaginazione centralizzata. La cornice è composta da fasce bianche e nere, alternate e da una treccia a due capi bianca su fondo nero. Il pannello centrale è decorato con uno scudo di squame bipartite in lunghezza, accordato da una cornice costituita da motivo a scacchiera, treccia a due capi bianca su fondo nero, denti di sega allungati, disco nero su fondo bianco. Gli angoli di risulta tra il pannello e la cornice dello scudo sono campiti con bighe in corsa nei pressi della meta.",scavo 1941
106,,2020/07/24,349106,37116,,cecconi-349106,20,170,1,14,,108,,30,30,1,50,107,Tecnica non presente in lista,1,"Lastra di rivestimento con iscrizione sepolcrale di una schiava. L'iscrizione recita: Lupa v(ixit) a(nnis) XXXX; h(ic) s(ita) e(st). Faustus velarius. Traduzione: Lupa visse 40 anni; è sepolta qui. Faustus, usciere.",
107,,2020/07/24,349103,37181,,cecconi-349103,66,929,1,14,,108,,30,31,75,199,45,Tecnica non presente in lista,1,"Stele funeraria con iscrizione sepolcrale di uno schiavo sarto-rammendatore. La parte superiore del manufatto è caratterizzata da un motivo a denti di sega allungati. Il testo dell'iscrizione recita: D(is) M(anibus) Oriens Sarcina tor v(ixit) a(nnis) LXX; h(ic) s(itus) e(st). Traduzione: Agli Dei Mani. Oriens, rammendatore, visse 70 anni, è sepolto qui.",
108,,2020/07/24,349105,37188,,cecconi-349105,66,929,1,14,,108,Piazza d'armi,30,30,1,99,45,Tecnica non presente in lista,8,"Stele funeraria con iscrizione sepolcrale di uno schiavo artigiano. L'iscrizione recita: Auctus Theophil[li] ser(vus), faber, vix(it), ann(is) [---]. Traduzione: Auctus, schiavo di Theophilus, artigiano, visse anni [---].",scavo 1901
109,,2020/07/24,349109,37212,,cecconi-349109,66,929,1,14,,108,Arsenale militare,30,30,1,99,45,Tecnica non presente in lista,1,Stele funeraria con parte sommitale merlata. La superficie presenta un'iscrizione sepolcrale di un liberto commerciante marittimo (vavicularius). L'iscrizione recita: Q. Plotiu s lanuar ius vix(it) annis XXV; h(ic) s(itus) e(st). Traduzione: Q. Plotius Lanuarius Visse anni 25; è sepolto qui.,"scavo L. Viola, 1894"
110,,2020/07/24,349110,37264,,cecconi-349110,66,929,1,14,,108,Nella zona di Torre d'Ayala,31,32,150,230,45,Tecnica non presente in lista,1,"Stele funeraria con evidenti tracce di lavorazione e con parte sommitale merlata. La superficie presenta un'iscrizione sepolcrale di uno schiavo imperiale. L'iscrizione recita: D(is) M(anibus) Hermadi o, Aug(ustorum) NN(ostrumrum duorum) se r(vus) vix(it) an(nis) XXV; h(ic) s(itus) e(st). Beneria fr atri dulciss ymo f(aciendum) c(uravit). Traduzione: Agli Dei Mani. Hermadio, schiavo dei nostri due imperatori, visse 25 anni; qui è sepolto. Beneria per il fratello dolcissimo fece collocare (la lapide).",scavo ante 1980
111,,2020/07/24,349104,37265,,cecconi-349104,66,929,1,14,,108,,30,31,1,199,45,Tecnica non presente in lista,1,"Stele funeraria con iscrizione sepolcrale di uno schiavo pastore. L'iscrizione recita: Q""ui""etus, Crisp""i""nil""la""e gregarius. Fe(cit) bene merenti co(n)tub(e)rn al(is). Vix(it) an(nis) XXXV. Traduzione: Quietus, pastore di Crispinilla dedicò al benemerente la convivente. Visse anni 35.",
112,,2020/07/24,349113,37286,,cecconi-349113,66,929,1,14,,108,Nei pressi delle mura di Contrada Collepazzo,30,30,51,99,45,Tecnica non presente in lista,1,"Stele funeraria con parte sommitale a rilievo, raffigurante un timpano affiancato da dischetti. Lo specchio epigrafico riporta un'iscrizione menzionate un veterano. Le solcature delle lettere presentano evidenti tracce di pigmentazione rossa. L'iscrizione recita: L. Allius, L(uci) f(ilius), Scap(tia tribù), Stober(a), vet(eranus) leg(ionis) V Mac(edonicae), vix(it) an(nis) LV, mil(itavit) an(nos) XXV. Hic s(itus) e(st). Traduzione: L. Allius, figlio di Lucius, della tribù Scaptia, originario di Stobera, veterano della Legione V Macedonica, visse anni 55, militò per 25 anni, è sepolto qui.","scavo L. Viola, 1881"
113,,2020/07/24,349112,37287,,cecconi-349112,66,929,1,14,,108,Nei pressi delle mura di Contrada Collepazzo,30,30,51,99,45,Tecnica non presente in lista,1,"Stele funeraria con iscrizione sepolcrale di un veterano. L'iscrizione recita: P. Puticius, P(ublii) f(ilius), Mae(cia tribù, Niger, mil(es) leg(ionis VI, Missus. H(ic) s(itus). Traduzione: P. Puticius Niger, della tribù Maecia, soldato della legione VI, in congedo. Sepolto qui.","scavo L. Viola, 1881"
114,,2020/07/24,349107,37288,,cecconi-349107,66,929,1,14,,108,Contrada Corvisea,30,30,51,99,45,Tecnica non presente in lista,1,"Stele funeraria con profilo superiore semicircolare. La superficie presenta un'iscrizione sepolcrale di un veterano. L'iscrizione recita: L. Scultidius, Sex(ti) f(ilius), Pollia (tribù), Rufu[s], ve teranus leg(ionis) VIII Aug(ustae) eq(ues), mil(itavit) annos XXVI, vixi,t,an""n""o s VL. H(ic) s(itus) e(st). (H)e(res) f(aciedndum) q(uravit). Traduzione: L. Scultidius Rufus, figlio di Sextus, della tribù Pollia, veterano della Legione VIII Augusta, cavaliere, militò per anni 26. Visse per anni 45, è sepolto qui. L'erede fece collocare (la lapide).","scavo R. Bartoccini, 1934"
115,,2020/07/24,349111,37289,,cecconi-349111,66,929,1,14,,108,,30,30,1,50,45,Tecnica non presente in lista,1,"Stele funeraria con parte sommitale merlata. Lo specchio epigrafico, riquadrato, con la parte superiore decorata con motivo a dentelli, ospita un'iscrizione sepolcrale di uno schiavo imperiale. L'iscrizione recita: Hilario Caesaris (servus) vix(it) ann(is) Traduzione: L Hilario, schiavo dell'imperatore, visse anni 50.",
116,,2020/07/24,349108,51794,,cecconi-349108,66,929,1,14,,108,Via Cugini/Via Leonida,30,30,1,99,45,Tecnica non presente in lista,1,"Stele funeraria tripartita. La parte superiore è caratterizzata da un timpano con dischi ai lati. La parte inferiore è decorata con un falcetto (falx potatoria/arboraria) ed un'accetta (dolabella) a rilievo, la parte centrale ospita, entro un riquadro, un'iscrizione sepolcrale di un potatore. L'iscrizione recita: D(is) M(anibus).
Campati=
us Secundu=
s v(ixit) a(nnos) L. H(ic) s(itus) e(st).
Fur(ia) Ma
coniugi
b(ene) m(erenti) p(osuit). Traduzione: Agli Dei Mani. Campatius Secundus visse 50 anni, è sepolto qui. Fur(ia) Ma al coniuge benemerente pose. Le lettere risentono marcatamente della scrittura corsiva (si
noti in particolare la forma della G); percepibili le tracce della
rubricatura. Interpunzione visibile alle linee 1 e 7.",scavo 2005
117,,2020/07/27,345129,33388,,cecconi-345129,59,860,1,18,,108,,28,28,-199,-101,45,Tecnica non presente in lista,1,"Monumento funerario con alto corpo cilindrico con decorazione a dentelli su fregio dorico, su cui è poggiata una copertura conica con pareti scanalate e inflesse.",
118,,2020/07/27,345130,33406,,cecconi-345130,66,922,1,18,,108,,28,28,-199,-101,45,Tecnica non presente in lista,1,"Cippo funerario, con corpo cilindrico su base sagomata e parte sommitale modanata piatta. La superficie superiore presenta un incavo centrale a sezione rettangolare volto ad ospitare un elemento metallico.",
119,,2020/07/27,345157,40797,,cecconi-345157,20,170,1,18,,108,Piazza d'Armi. Tomba a camera,30,31,75,130,107,Tecnica non presente in lista,1,"Lastra funeraria, proveniente da una tomba a camera, con iscrizione sepolcrale di due coniugi liberti. L'iscrizione recita: Dis Manibus Vibiaes Cleopa = tres v(ixit) a(nnis) L, h(ic) s(ita) e(st). N(umerius) Vibius Herma v(ixit) a(nnis) LX h(ic) s(itus) e(st). Traduzione: Agli Dei Mani. Di Vibia Cleopatra: visse 50 anni, qui è sepolta. Numerio Vibio Herma visse 60 anni, qui è sepolto.","scavo Q. Quagliati, 1901"
120,,2020/07/27,345158,40798,,cecconi-345158,20,170,1,18,,108,Piazza d'Armi. Tomba a camera,30,31,50,199,107,Tecnica non presente in lista,1,"Lastra funeraria, proveninete da una tomba a camera, con parte sommitale conformata a timpano. Lo specchio epigrafico presenta un'iscrizione sepolcrale recitante: P(ublius) Tetius Vi = talis vix(it) an(nis) XXXV h(ic) s(itus) e(st). Traduzione: Publio Tettio Vitale visse anni 35. Qui è sepolto.","scavo Q. Quagliati, 1901"
121,,2020/07/27,345159,40799,,cecconi-345159,20,170,1,18,,108,Piazza d'Armi. Tomba a camera,31,31,150,199,103,Tecnica non presente in lista,1,"Lastra funeraria, proveniente da una tomba a camera, con iscrizione sepolcrale di una liberta. L'iscrizione recita: Dis Manibus sac(rum) Anthestia Marcia v(ixit) a(nnis) XVIIII Anthestia Semne f(iliae) et sibi. Traduzione: Sacro agli Dei ManiAnthestia Marcia visse anni 19. Anthestia Semne (dedicò) alla figlia e a sé stessa. Alla fine della linea 1 e 3 sono incise piccole foglie d'edera.","scavo Q. Quagliati, 1901"
122,,2020/07/27,345160,40800,,cecconi-345160,20,170,1,18,,108,Piazza d'Armi. Tomba a camera,31,31,150,199,111,Tecnica non presente in lista,1,"Lastra funeraria, proveniente da una tomba a camera, con iscrizione sepolcrale di un servo. L'iscrizione recita: Dis Manibus sac(rum) Baleria Tertia v(i)x(it) annis XXXX me(n)sibus VIII Bestales co(n)iugi b(ene) m(erenti) f(ecit) H(ic) s(ita) e(st). Traduzione: Sacro agli Dei Mani. Baleria Tertia visse 40 anni e 8 mesi. Bestale dedicò alla coniuge benemerente. Quì è sepolta.","scavo Q. Quagliati, 1901"
123,,2020/07/27,345169,208923,,cecconi-345169,22,181,1,18,,108,Piazza d'Armi. Tomba IX,28,28,-151,-100,45,Tecnica non presente in lista,1,"Lastra di chiusura, di una tomba ipogeica, dipinta. Il disegno raffigura una porta a doppio battente con riquadrature di fasce gialle, rosse e bianche, nella parte inferiore, e coppia di riquadri con composizione di squame bianche adiacenti e delineate in nero, nella parte superiore.",scavo 1911
124,,2020/07/27,345170,208924,,cecconi-345170,22,181,1,18,,108,Piazza d'Armi. Tomba XI a camera,28,28,-151,-100,45,Tecnica non presente in lista,8,"Porta trilitica, di una tomba ipogeica, con frammento di lastra d'ingresso dipinta raffigurante Hermes Psycopompos con sandali alati e caduceo nella mano destra. Il dio conduce il defunto, sulla sinistra, abbigliato con una veste panneggiata, una corona fitomorfa ed impugnante, nella mano destra, un ramo di palma.",scavo 1911
125,,2020/07/24,345131,37068,,cecconi-345131,20,170,1,19,,108,,30,31,75,199,111,Tecnica non presente in lista,1,"Lastra di marmo bigio recante un'iscrizione sepolcrale di un piccolo liberto. L'iscrizione recita: D(is) M(anibus) M. Vargun teio Eug rammo, vix(it) annis II, m(ensibus) III, d(ieibus) XV, h(ic) s(itus) e(st); parentes filio dulci f(ecerunt). Traduzione: Agli Dei Mani. Per M. Vergunteius Eugrammus, (che) visse 2 anni, 3 mesi, 15 giorni, (e che) è sepolto qui. I genitori dedicarono al dolce figlio.",
126,,2020/07/24,345133,37104,,cecconi-345133,20,170,1,19,,108,,30,31,75,130,107,Tecnica non presente in lista,1,"Lastra funeraria in marmo con iscrizione sepolcrale di un giovane liberto. L'iscrizione recita: T. Flavius
Fortunatus
uix(it) an(nis) XX, m(ensibus) V.
H(ic) s(itus) e(st).
Fecit Caluia Fe =
licla, mater infe =
licissima, optimo fili(o). Traduzione: T. Flavius Fortunatus visse 20 anni, 5 mesi; è sepolto qui. Dedicò Calvia Felicia, madre infelicissima, all'ottimo figlio.",
127,,2020/07/24,345134,37120,,cecconi-345134,20,170,1,19,,108,,30,31,1,199,107,Tecnica non presente in lista,1,"Lastra funeraria in marmo con iscrizione sepolcrale di un liberto patrono. L'iscrizione recita: M. Caesius Trophimus vix(it) an(nis) XXX; h(ic) s(itus) e(st). Hellas lib(erta) patrono piissimo. Traduzione: M. Caesius Trophimos visse 30 anni, è qui sepolto. La liberta Hellas al patrono piissimo.",
128,,2020/07/24,345135,37121,,cecconi-345135,20,170,1,19,,108,Piazza d'armi,30,31,75,125,107,Tecnica non presente in lista,1,Lastra di marmo funeraria con iscrizione sepolcrale di un liberto. L'iscrizione recita: C. Considius Primigenius vix(it) an(nis) LI. Sit tibi terr[a levis]. Traduzione: C. Considius Primigenius visse 51 anni. Ti sia leggera la terra.,scavo 1901
129,,2020/07/24,345136,37125,,cecconi-345136,20,170,1,19,,108,,30,30,54,96,103,Tecnica non presente in lista,4,"Lastra marmorea funeraria di stele con iscrizione sepolcrale di un liberto, posta da una sua compagna. L'iscrizione recita: C. Caluius Phoe=
bus uix(it) ann(is) XXC.
H(ic) s(itus) e(st). Contuberna =
les fecit de suo. Traduzione: C. Calvius Phoebus visse 80 anni; è sepolto qui. La convivente fece a sue spese.
La paleografia è influenzata
dal corsivo. Punteggiatura irregolare, prevalentemente triangolare, alle linee 1 e 3 in forma
di hedera.",
130,,2020/07/24,345137,37140,,cecconi-345137,66,929,1,19,,108,Nei pressi delle mura di Contrada Collepazzo,30,30,1,99,45,Tecnica non presente in lista,1,"Stele funeraria con parte sommitale decorata da un fregio con motivo a fiori di loto, dritti e capovolti, sormontata da una catena di ovoli e dardi su cui sono accordate tre palmette acroteriali: quella centrale ornata con un volto di prospetto. La superficie è caratterizzata da un'iscrizione sepolcrale sinistrorsa, il cui testo rinvia ad ambiente servile e libertino. L'iscrizione recita: Domitia Aina vix(it) ann(is) LX: h(ic) s(ita) e(st) Felicio merenti. Sotto l'iscrizione è presente un festone a ghirlanda. Traduzione: Domitia Aina visse 60 anni; è sepolta qui. Felicio a colei che meritava.",scavo 1881
131,,2020/07/24,345138,37148,,cecconi-345138,66,929,1,19,,108,,30,30,1,99,45,Tecnica non presente in lista,1,"Stele funeraria con parte sommitale conformata a frontone con rosetta centrale. Il centro del manufatto presenta un'iscrizione sepolcrale di una schiava. L'iscrizione recita: Cyclas vix(it) an(nnis) XC. Urbana et Eucte matri pia""e"", hi(c) s(ita) es(t). Traduzione: Cyclas visse 90 anni. Urbana ed Eucte alla madre pia, (che) è qui sepolta.",
132,,2020/07/24,345139,37170,,cecconi-345139,66,929,1,19,,108,Regio Arsenale,31,31,101,130,45,Tecnica non presente in lista,1,"Stele funeraria con parte sommitale merlata. Nello specchio epigrafico è riportata un'iscrizione sepolcrale di una coppia di liberti. L'iscrizione recita: D(is) M(anibus) s(acrum). L. All[i]us Satur vix(it) an(nis) LX; h(ic) s(itus) e(st). Ittia Fo""r""tunata co""n""iuci b(ene) m(erenti) f(ecit) et sibi: vix(it) an(nis) L. h(ic) s(ita) e(st). Et fili parenti bus b(ene) m(erentibus) fecerunt. Traduzione: Sacro agli Dei Mani. L. Allius Satur, visse 60 anni. è sepolto qui. Ittia Fortunata fece per il coniuge benemerente per sé stessa: visse 50 anni, è sepolta qui. E i figli ai genitori benemerenti dedicarono.",scavo 1894
133,,2020/07/24,345140,37187,,cecconi-345140,66,929,1,19,,108,,30,31,75,199,45,Tecnica non presente in lista,1,"Stele funeraria con sommità merlata, ma erasa. Al centro del manufatto è inserito, e fissato mediante perni in ferro e piombo, uno specchio epigrafico di marmo grigio che reca un'iscrizione sepolcrale di due fratelli. L’epigrafe presenta due epitaffi, di giovani defunti precocemente, posti dal loro padre. La condizione dei due giovani è presumibilmente servile. L'iscrizione recita: D(is) M(anibus). Prima v(ixit) a(nnis) XV, h(ic) s(ita) e(st). D(is) M(anibus). Nicost ratus v(ixit) a(nnis) VI, h(ic) s(itus) e(st) Pater fi lis titu lis titu lum p(osuit). Traduzione: Agli Dei Mani. Prima visse 15 anni, è sepolta qui. Agli Dei Mani. Nicostratus visse 6 anni, è sepolto qui. La lapide ai figli il padre pose.",
134,,2020/07/24,345141,37190,,cecconi-345141,66,929,1,19,,108,,30,30,1,99,45,Tecnica non presente in lista,1,"Stele funeraria con sommità conformata a timpano. La parte superiore presenta un incasso ed una fessura laterale volta all'inserimento di una lastra marmorea recante l'iscrizione sepolcrale bifronte di due giovani liberte, coetanee. L'iscrizione recita: fronte) Caesennia Calliope v(ixit) a(nnis) II, m(ensibus) XI, d(iebus) XX; h(ic) s(ita) e(st); retro) Caesenniae Feliculae v(ixit) a(nnis) II, m(ensibus) XI, d(iebus) XX; h(ic) s(ita) e(st). Traduzione: Fronte: Casennia Calliope visse 2 anni, 11 mesi, 20 giorni; è sepolta qui. Retro: A Caesennia Felicula, che visse 2 anni, 11 mesi, 20 giorni; è sepolta qui. Le lettere risentono della scrittura corsiva. Nei due testi la punteggiatura compare solo alla linea 3.",
135,,2020/07/24,345142,37193,,cecconi-345142,20,170,1,19,,108,,34,34,,,45,Tecnica non presente in lista,1,Lastra funeraria con iscrizione sepolcrale erasa.,
136,,2020/07/24,345143,37197,,cecconi-345143,66,929,1,19,,108,Regio Arsenale,30,30,1,99,45,Tecnica non presente in lista,1,"Stele funeraria con sommità merlata, recante un'iscrizione di un liberto ultracentenario. L'iscrizione recita: M Publilius Lucrio vix(it) an(nnis) CV, ca rus suis. H(ic)""e""(st) s(itus). Traduzione: Le solcature delle lettere presentano tracce di color rosso.",scavo 1894
137,,2020/07/24,345144,37205,,cecconi-345144,66,929,1,19,,108,,30,30,1,99,45,Tecnica non presente in lista,1,"Stele funeraria con parte sommitale conformata a frontone. Il centro del manufatto è caratterizzato da una specchiatura con iscrizione sepolcrale di una schiava. L'iscrizione recita: Neice Acy lies anc(e) illa v(ixit) a(nnis) LXX. Uries nu trici me(renti). Traduzione: Neice Acylies, ancella, visse 70 anni. Uries alla nutrice, che meritava.",
138,,2020/07/24,345147,37233,,cecconi-345147,66,929,1,19,,108,,31,32,150,250,45,Tecnica non presente in lista,8,"Stele funeraria rettangolare con iscrizione sepolcrale di una schiava. L'iscrizione recita: Elbia Zosi me, posita a su o c""o""ntuber nale(s), v(ixit) an""n""is XXXXX ---Traduzione: Elbia Zosime, sepolta dal suo convivente, visse 50 anni ---.",
139,,2020/07/24,345149,37262,,cecconi-345149,66,929,1,19,,108,,30,30,1,99,45,Tecnica non presente in lista,1,"Stele funeraria con parte superiore conformata a frontone con acroteri e decorazione centrale costituita da un dischetto con bulla. Al centro è presente un incasso quadrangolare in cui è inserito, e fissato mediante grappe di ferro, lo specchio epigrafico marmoreo recante l'iscrizione sepolcrale di due individui di probabile condizione libertina. L'iscrizione recita: M(arcus) Marsidius
Eureticus u(ixit) a(nnis) XL.
H(ic) s(itus) e(st). Baebia Phro =
snime u(ixit) a(nnis) XXX. H(ic) s(ita ) e(st). Traduzione: M. Marsidius Eureticus visse 40 anni, è sepolto qui. Baebia Phronime visse 30 anni, è sepolta qui. La paleografia risente della scrittura corsiva. Punteggiatura irregolare.",
140,,2020/07/24,345150,37263,,cecconi-345150,66,929,1,19,,108,,30,31,75,199,45,Tecnica non presente in lista,1,"Stele funeraria con parte sommitale conformata a frontone. La superficie reca un'iscrizione sepolcrale di una schiava. L'iscrizione recita: D(is) M(anibus). Nebris serva vix(it) annis XXX. H(ic) s(ita) e(st). Traduzione: Agli Dei Mani. Nebris, schiava, visse 30 anni; è sepolta qui.",
141,,2020/07/24,345153,37300,,cecconi-345153,20,170,1,19,,108,,30,31,75,199,111,Tecnica non presente in lista,1,"Lastra funeraria in marmo con iscrizione sepolcrale di una schiava. L'iscrizione recita: D(is) M(anibus). Flegusa, Anni Veri serva(e). v(ixit) a(nnis) XXXX; h(ic) s(ita). Euhelpistus conservae merenti. Traduzione: Agli Dei Mani. Flegusa, schiava di Annius Verus, visse 40 anni; è sepolta qui. Euhelpistus alla compagna di schiavitù, che meritava.",
142,,2020/07/24,345162,55571,,cecconi-345162,20,170,1,19,,108,Contrada Vaccarella,30,30,51,99,103,Tecnica non presente in lista,8,"Lastra marmorea con iscrizione sepolcrale di due liberti, reimpiegata per un'iscrizione sepolcrale di un veterano. L'iscrizione recita: originale) Antonia Fo rtunata Vete (---) l(iberta) v(ixit) a(nnis) IX; h(ic) s(ita), A. Titinius Italus v(ixit) a(nnis) L; h(ic) s(itus); reimpiego) --- Salvius, L(ucii) f(ilius), Pol(lia tribu), Celer, vet(eranus) leg(ionis) IIIIscy(thicae, curator adl(ectus) veter(anorum), aed(ilis), II vir q(uinquennalis), mil(itavit) eques an(nos) XXX, vis(it) an(nis) LV. Hic s(itus) est. Blassia Felicula, uxor, d(e) s(uo) f(ecit). Traduzione: --- Salvius Celer, Figlio di Lucius, della tribù Pollia, veterano della Legione IV Scitica, curatore scelto dei veterani, edile duoviro quinquennale, militò come cavaliere per 30 anni.","scavo Bartoccini, ante 1934"
143,,2020/07/25,349118,37390,,cecconi-349118,21,176,1,20,,108,"Piazza Maria Immacolata, Casa Baldassarre",33,33,301,399,165,Tecnica non presente in lista,8,"Frammento di tappeto musivo policromo con tondo raffigurante l'Allegoria dell'Inverno: ovvero una figura femminile, capite velato, colta nell'atto di sorreggere tra le mani un ramo d'ulivo e foglie di una pianta acquatica.",
144,,2020/07/25,349119,37391,,cecconi-349119,21,176,1,20,,108,"Piazza Maria Immacolata, Casa Baldassarre",33,33,301,399,165,Tecnica non presente in lista,8,"Frammento di tappeto musivo policromo con tondo raffigurante l'Allegoria dell'Estate o dell'Autunno o della Primavera: ovvero una figura femminile abbigliata con abito leggero e colta nell'atto di reggere nella mano destra un elemento, forse interpretabile come un fascio di spighe.",
145,,2020/07/25,349120,37392,,cecconi-349120,21,176,1,20,,108,"Piazza Maria Immacolata, Casa Baldassarre",33,33,301,399,165,Tecnica non presente in lista,8,"Frammento di pannello musivo policromo, profilato da tessere grigie, raffigurante una caccia al cinghiale. La scena si svolge all'interno di un bosco rappresentato da una fila di tre alberi frondosi. è rappresentato un cacciatore abbigliato con berretto, tunica ed alti stivali, colto nell'atto di trafiggere, con la lancia, la gola di un cinghiale di colore grigio. Un cane, profilato con tessere di colore rosso e giallo, insegue la preda.",
146,,2020/07/25,349121,37393,,cecconi-349121,21,176,1,20,,108,"Piazza Maria Immacolata, Casa Baldassarre",33,33,301,399,165,Tecnica non presente in lista,8,"Frammento di pannello musivo, profilato da tessere nere, raffigurante una coppia di cervidi bianchi, delineati da tessere nere e rosse, colti nell'atto d'incedere verso destra.",
147,,2020/07/25,349117,37405,,cecconi-349117,21,176,1,20,,108,Via Regina Elena/Via Anfiteatro,32,32,201,250,165,Tecnica non presente in lista,8,"Tappeto musivo policromo. Si conserva parte della cornice costituita da fasce bianche e nere alternate e da una larga treccia policroma a tre capi su fondo nero, che inquadra una composizione di quadrati e losanghe.",scavo 1909
148,,2020/07/25,349116,37406,,cecconi-349116,21,176,1,20,,108,Via Pitagora 140,31,31,151,199,165,Tecnica non presente in lista,8,"Tappeto musivo policromo su campo bianco. Il pannello centrale, parzialmente conservato, è decorato con una composizione ortogonale di ottagoni adiacenti collegati da un meandro di svastiche a giro semplice; negli ottagoni, nodo di Salomone, rosetta policroma e stella di pelte.",scavo 1925
149,,2020/07/25,349115,37408,,cecconi-349115,21,176,1,20,,108,Via Anfiteatro 251,34,34,401,499,165,Tecnica non presente in lista,8,"Tappeto musivo policromo suddiviso in fasce orizzontali. Dal basso verso l'alto: a) motivo a semi-esagoni con fiore centrale; b) fascia bianca tra linee nere; c) treccia a due capi policroma su fondo nero; d) alta fascia bianca, bordata da linee nere, ornata con un motivo a girali d'edera; e) fascia bianca decorata con coppia parallela di punteggiato di crocette rosse e bianche.",scavo 1943
150,,2020/07/25,349114,37409,,cecconi-349114,21,176,1,20,,108,"Via Regina Elena, tra Via F. Di Palama/Via Anfiteatro",34,34,401,499,165,Tecnica non presente in lista,1,"Tappeto musivo policromo su campo bianco. Il pannello centrale è decorato con una composizione ortogonale di quadrati collegati, con svastiche iscritte, che disegnano croci campite da elementi fitomorfi. Al centro è rappresentata una croce decorata con pelte contrapposte ai vertici di una losanga con rombo iscritto. Sul lato superiore ed inferiore del pannello sono presenti due fasce decorate con losanghe collegate da file di tessere.",
151,,2020/07/27,349148,51796,,cecconi-349148,20,170,1,20,65,108,Via Cugini/Via Leonida,30,30,1,50,107,Tecnica non presente in lista,4,"Lastrina funeraria marmorea, recuperata in stato frammentario e quasi integralmente ricomposta; mancante, sia pure in misura ridotta, dell’intero lato sinistro. Visibili sul lato destro, in alto e in basso, i fori per i chiodi destinati al fissaggio. Lo specchio epigrafico riporta l'epitaffio di Nearchius Actius, recitante: [-] Nearch° ius
Actius
v(ixit) a(nnos) XXVI.
[H(ic)] s(itus) e(st). Le lettere, con ombreggiatura ed apici regolari, sono lievemente influenzate dal corsivo.",scavo 2005
152,,2020/07/27,349147,51798,,cecconi-349147,20,170,1,20,65,108,Via Cugini/Via Leonida,30,30,1,99,45,Tecnica non presente in lista,8,"Frammento superiore sinistro di stele in carparo. Il testo iscritto è delimitato superiormente da una cornice, marcatamente aggettante, e verticalmente da una larga scanalatura. L'iscrizione conservata recita: Ma[- - -]
s.
Fu. [- - -]
- - - - - -",scavo 2005
153,,2020/07/25,345164,122903,,cecconi-345164,66,929,1,20,,108,Via C. Nitti/Palazzo La Manna,32,33,275,325,111,Tecnica non presente in lista,8,"Documenti epigrafico con iscrizione bifronte recitante: fronte) ---] [ i]an[o---] / invi[cto---] / pont[ifici maxi]mo, tr[ibunicia] / [potestate ---; retro) ---] / tribuni[cia potestate ---] / Tarent[ini publice?]. Traduzione: fronte: ---iano-- invitto, pontefice massimo, con potestà tribunicia... retro: --- titolare della potestà tribunicia i tarantini.",scavo 1964
154,,2020/07/25,345167,208921,,cecconi-345167,66,929,1,20,,108,"Area delle Terme Pentascinenses, presso la Chiesa di S, Francesco di Paola",31,31,109,110,116,Tecnica non presente in lista,8,"Documento epigrafico con dedica a traiano recitante: [I]mp. Caesari, [di]vi Nervae f., [Nervae] Traiano [Aug. Ger]m. Dacio, [p]ont. [max., tr]ib pot. XIII, i [imp. VI,] [co]s. V. p. p., [Tare]ntini pub[lice]. Traduzione: All'imperatore Nerva Cesare Traiano, figlio del divino Nerva, Augusto Germanico Dacico, pontefice massimo, titolare della XIV potestà tribunicia, del VI impero, del V consolato, padre della patria, i tarantini dedicarono publicamente.","scavo P. Orsi, 1896"
155,,2020/07/25,345168,208922,,cecconi-345168,66,929,1,20,,108,"Area delle Terme Pentascinenses, presso la Chiesa di S, Francesco di Paola",31,31,175,175,107,Tecnica non presente in lista,8,"Documento epigrafico con dedica al futuro imperatore Commodo. L'iscrizione recita: [L. Aur] elio Com[odo] [C]aesari, German[nico], [S]armanico, pri[ncipi] iuventutis, [i]mp. M. [An]tonini [Au]g., G[erma]nici, Saramtici [i, p.] p. f., s[acer] [do]ti omnium [col]legi[orum]. Traduzione: A Lucio Aurelio Commodo Cesare, Germanico, Sarmatico, principe della gioventù, sacerdote di tutti i collegi, figlio dell'imperatore Marco Antonino Augusto, Germanico, Saramatico, padre della patria.","scavo P. Orsi, 1896"
156,,2020/07/27,349144,37324,,cecconi-349144,66,929,1,21,,108,Presso il Carmine.,41,41,1101,1199,45,Tecnica non presente in lista,1,"Stele funeraria con riquadro centrale incavato a formare una croce greca con bracci espansi sui quali sono incise le sigle ""IC"" ""XC"" ""NI"" ""KA"" da cui si ricava l'invocazione: ""Gesù Cristo Vince"". Nei bracci è anche incisa un'iscrizione sepolcrale in lingua greca. Analoga croce è incavata sul retro. L'iscrizione recita: XXXX",scavo 1884
157,,2020/07/25,349123,37410,,cecconi-349123,21,176,1,21,,108,"Via F. Cavallotti/C. Nitti, presso Casa Basile",33,34,375,499,165,Tecnica non presente in lista,8,"Tappeto musivo policromo costituito da uno schema centrale e pannelli. Lo schema centrale è decorato con una composizione ortogonale di ottagoni adiacenti, con svastiche inscritte, chiusa da una cornice di quadrati collegati da losanga dentata centrale. I pannelli sono tre: a) riquadro con composizione di coppie opposte di pesci, tra molluschi, che contornano un quadrato centrale di marmo grigio; b) riquadro con cinghiale e leone affrontati tra rocce schematiche ed alberi stilizzati; c) riquadro con delfino grigio.",scavo 1909
158,,2020/07/25,349124,37411,,cecconi-349124,21,176,1,21,,108,"Via F. Cavallotti/C. Nitti, presso Casa Basile",33,34,375,499,165,Tecnica non presente in lista,8,"Tappeto musivo policromo decorato con una composizione ortogonale di quadrati, con svastiche, formanti, ai vertici, piccole losanghe.",scavo 1909
159,,2020/07/25,349122,37412,,cecconi-349122,21,176,1,21,,108,"Via F. Cavallotti/C. Nitti, presso Casa Basile",34,34,401,499,165,Tecnica non presente in lista,1,"Pavimento musivo policromo tripartito. La parte inferiore è decorata da un rettangolo campito con una losanga con pelte tangenti su due angoli; la parte centrale è decorata con un motivo di cerchi secanti arancioni su fondo bianco; la parte superiore è costituita da un ampio pannello con croce centrale, occupata da un motivo a clessidra nei bracci, dai quali si dipartono parallelepipedi prospettici includenti figure geometriche; negli spazi di risulta, spirali.",scavo 1909
160,,2020/07/27,349131,37412,A,cecconi-349131,21,176,1,21,,108,Via Duca degli Abruzzi/Via D. Alighieri. Proprietà Tagariello (III),31,31,120,180,165,Tecnica non presente in lista,8,"Tappeto musivo in tessellato, costituito da un'ampia cornice composta da fasce bianche e nere alternate; onde correnti nere su fondo bianco; motivo di quadrati e meandri di svastiche, formanti rettangoli con rosette quadripetali policromi iscritti; teoria di denti di sega dentati neri su fondo bianco. La cornice inquadra un pannello bianco bordato di nero, parzialmente conservato.","scavo Q. Quagliati, 1925"
161,,2020/07/27,349132,37412,B,cecconi-349132,21,176,1,21,,108,Via Duca degli Abruzzi/Via D. Alighieri. Proprietà Tagariello (III),31,31,120,180,165,Tecnica non presente in lista,8,"Tappeto musivo in tessellato, costituito da un'ampia cornice composta da fasce bianche e nere alternate; onde correnti nere su fondo bianco; motivo di quadrati e meandri di svastiche, formanti rettangoli con rosette quadripetali policromi iscritti; teoria di denti di sega dentati neri su fondo bianco; fascia nera.","scavo Q. Quagliati, 1925"
162,,2020/07/25,349125,37413,,cecconi-349125,21,176,1,21,,108,Area delle Terme Pentascinenses?,33,33,301,399,165,Tecnica non presente in lista,1,"Pavimento in opus sectile marmoreo con pannello centrale costituito da una lastra in breccia pavonazzetta definita da liste di pavonazzetto lungo i lati maggiori e da formelle di breccia di Settebasi lungo quelli minori. L'intero riquadro è incorniciato da listelli in rosso antico. Ai lati, quadrati sovrapposti con dischi inscritti in marmo bardiglio di Carrara e pavonazzetto, definiti da triangoli tangenti, in ardesia.",
163,,2020/07/29,349173,37417,,cecconi-349173,43,456,1,21,,108,Ex Convento di S. Antonio,34,35,400,599,199,Tecnica non presente in lista,1,"Bacino lustrale (phiale) con corpo semi-ovoide, caratterizzato da ampie solcature regolari sulla vasca e, sulla parte sommitale, decorazione a foglie riverse di acanto con fori di trapano ornamentali. L'orlo, leggermente introflesso e scanalato, presenta sulla superficie quattro fori a distanze regolari volti all'iserimento di elementi metallici.",
164,,2020/07/27,349145,40999,,cecconi-349145,66,929,1,21,,108,S. Maria del Galeso,41,41,1101,1199,107,Tecnica non presente in lista,8,"Stele funeraria con parte terminale prismatica del tipo mqabriyyah (Africa settentrionale). Lo specchio epigrafico è occupato d tre righe con evidenti tracce di usura. Del testo, in caratteri cufici, sono leggibili tre parti: XXX",
165,,2020/07/30,345107,37416,,cecconi-345107,66,934,2,25,,108,Torretta Vitelli,26,26,-399,-301,107,Tecnica non presente in lista,1,"Vasca marmorea con alto orlo modanato sui lati corti e con iscrizione sulla parte esterna. Si tratta di una dedica di un agonoteta (Artemidoro) ad Apollo Aleo, il noto dio venerato nel santuario di Punta Ala presso Cirò Marina. L'iscrizione recita: Άγωνοθέτας Άρτεμίδωρος Κριτόλα Άλεί Άπόλλωνι. Traduzione: L'agonoteta Artemidoros, figlio di Kritolas, ad Apollo Aleus.",scavo 1936
166,,2020/07/30,345118,37418,,cecconi-345118,16,124,2,25,,108,Via anfiteatro/Via Acciavio/Via Berardi,25,27,-450,-275,45,Tecnica non presente in lista,8,"Capitello ionico stuccato, pertinente ad una delle colonne angolari e antistanti (colonna sx) di un edificio templare anfiprostilo. Presenta semplici volute con terminazione a palmetta, balteo modanato, echino piatto privo di decorazione ed abaco modanato.",scavo 1898
167,,2020/07/30,345119,37419,,cecconi-345119,16,124,2,25,,108,Via anfiteatro/Via Acciavio/Via Berardi,25,27,-450,-275,45,Tecnica non presente in lista,1,"Capitello ionico stuccato, pertinente ad una delle colonne centrali e antistanti di un edificio templare anfiprostilo. Presenta semplici volute con terminazione a palmetta, balteo modanato, echino piatto privo di decorazione ed abaco modanato.",scavo 1898
168,,2020/07/30,345120,37420,,cecconi-345120,16,124,2,25,,108,Via anfiteatro/Via Acciavio/Via Berardi,25,27,-450,-275,45,Tecnica non presente in lista,1,"Capitello ionico stuccato, pertinente ad una delle colonne angolari e retrostanti (colonna sx) di un edificio templare anfiprostilo. Presenta semplici volute con terminazione a palmetta, balteo modanato, echino piatto privo di decorazione ed abaco modanato.",scavo 1898
169,,2020/07/30,345121,37421,,cecconi-345121,16,124,2,25,,108,Via anfiteatro/Via Acciavio/Via Berardi,25,27,-450,-275,45,Tecnica non presente in lista,1,"Capitello ionico stuccato, pertinente ad una delle colonne angolari e antistanti (colonna dx) di un edificio templare anfiprostilo. Presenta semplici volute con terminazione a palmetta, balteo modanato, echino piatto privo di decorazione ed abaco modanato.",scavo 1898
170,,2020/07/30,345122,37422,,cecconi-345122,16,124,2,25,,108,Via anfiteatro/Via Acciavio/Via Berardi,25,27,-450,-275,45,Tecnica non presente in lista,8,"Capitello ionico stuccato, pertinente ad una delle colonne centrali e retrostanti di un edificio templare anfiprostilo. Presenta semplici volute con terminazione a palmetta, balteo modanato ed echino piatto privo di decorazione. Abaco mancante.",scavo 1898
171,,2020/07/30,345123,37423,,cecconi-345123,16,124,2,25,,108,Via anfiteatro/Via Acciavio/Via Berardi,25,27,-450,-275,45,Tecnica non presente in lista,1,"Capitello ionico stuccato, pertinente ad una delle colonne centrali e antistanti di un edificio templare anfiprostilo. Presenta semplici volute con terminazione a palmetta, balteo modanato, echino piatto privo di decorazione ed abaco modanato.",scavo 1898
172,,2020/07/30,345112,37424,,cecconi-345112,66,920,2,25,,45,Dal versante sud-orientale dell'Acropoli,26,27,-399,-201,45,Tecnica non presente in lista,1,"Blocco lapideo parallelepipedo con iscrizione dedicatoria in lingua greca recitante: ΝΙΚΑΣΙΩΝ ΕΘ ΑΚΗ ΠΟΤ ΤΩΙ ΑΘ ΑΝΑΙΩΙ ΕΠΙ VAC. Traduzione: Nikasione pose (costruì) accanto all'Athenaion (per...? o sopra...?). Si tratta di una probabile dedica ad Atena, pertinente probabilmente all'area santuariale ubicata sulla sommità della c.d. Acropoli. Il blocco, rimosso, per far posto agli apprestamenti bellici della Seconda Guerra Mondiale, presenta un taglio laterale, clandestino, con cui è stato tentato di rimuovere lo specchio epigrafico.",scavo 1990